,id,num-cars,num-peds,num-cross,time
0,15,0,49,1,20.666666666666668
1,45,0,49,1,23.308333333333334
2,47,0,49,1,24.658333333333335
3,34,0,49,1,26.766666666666666
4,6,0,49,1,26.891666666666666
5,35,0,49,1,27.25
6,12,0,49,2,27.358333333333334
7,22,0,49,1,27.683333333333334
8,25,0,49,1,27.7
9,18,0,49,2,29.375
10,11,0,49,1,29.458333333333332
11,28,0,49,1,29.75
12,5,0,49,1,30.075
13,48,0,49,2,30.425
14,7,0,49,1,32.708333333333336
15,29,0,49,2,32.916666666666664
16,14,0,49,2,33.266666666666666
17,17,0,49,1,34.0
18,39,0,49,1,34.1
19,13,0,49,2,34.458333333333336
20,33,0,49,2,35.5
21,46,0,49,2,35.65833333333333
22,49,0,49,1,35.733333333333334
23,4,0,49,2,35.78333333333333
24,20,0,49,1,36.25833333333333
25,8,0,49,1,36.31666666666667
26,44,0,49,2,37.075
27,38,0,49,1,37.80833333333333
28,3,0,49,2,38.108333333333334
29,26,0,49,1,38.5
30,31,0,49,1,39.31666666666667
31,10,0,49,2,39.34166666666667
32,30,0,49,2,39.88333333333333
33,0,0,49,2,40.11666666666667
34,19,0,49,1,40.325
35,41,0,49,2,40.425
36,9,0,49,1,40.88333333333333
37,1,0,49,2,41.21666666666667
38,37,0,49,2,41.38333333333333
39,42,0,49,1,41.791666666666664
40,23,0,49,1,42.65833333333333
41,16,0,49,1,43.61666666666667
42,40,0,49,1,44.225
43,2,0,49,2,47.025
44,21,0,49,2,48.03333333333333
45,43,0,49,1,48.74166666666667
46,24,0,49,2,49.175
47,92,12,87,1,23.0
48,86,12,87,1,23.483333333333334
49,79,12,87,2,24.85
50,103,12,87,1,25.225
51,32,0,49,2,55.875
52,27,0,49,1,56.05
53,104,12,87,1,26.65
54,64,12,87,2,26.816666666666666
55,83,12,87,1,28.95
56,89,12,87,2,29.233333333333334
57,82,12,87,2,29.525
58,70,12,87,2,29.958333333333332
59,95,12,87,1,30.125
60,109,12,87,1,30.208333333333332
61,96,12,87,2,30.658333333333335
62,76,12,87,1,32.38333333333333
63,62,12,87,1,32.65
64,81,12,87,2,32.78333333333333
65,97,12,87,1,33.475
66,111,12,87,2,33.575
67,36,0,49,1,63.858333333333334
68,68,12,87,2,34.483333333333334
69,78,12,87,1,34.766666666666666
70,93,12,87,2,34.791666666666664
71,110,12,87,2,35.45
72,65,12,87,1,35.95
73,75,12,87,2,35.958333333333336
74,87,12,87,2,36.9
75,84,12,87,1,37.175
76,90,12,87,2,37.45
77,66,12,87,2,37.75
78,98,12,87,1,38.43333333333333
79,102,12,87,2,39.291666666666664
80,105,12,87,1,39.53333333333333
81,74,12,87,1,39.975
82,91,12,87,1,40.55
83,94,12,87,1,41.3
84,106,12,87,2,41.84166666666667
85,80,12,87,2,42.53333333333333
86,71,12,87,2,42.775
87,99,12,87,1,42.80833333333333
88,107,12,87,2,44.041666666666664
89,108,12,87,2,44.71666666666667
90,73,12,87,2,47.13333333333333
91,67,12,87,2,49.475
92,69,12,87,2,50.425
93,136,24,90,2,22.25
94,137,24,90,1,23.075
95,88,12,87,2,53.78333333333333
96,72,12,87,1,54.21666666666667
97,85,12,87,2,54.766666666666666
98,153,24,90,1,25.708333333333332
99,157,24,90,2,26.033333333333335
100,101,12,87,1,56.11666666666667
101,100,12,87,2,56.25833333333333
102,145,24,90,1,27.416666666666668
103,165,24,90,1,27.675
104,141,24,90,1,27.675
105,138,24,90,1,28.65
106,77,12,87,2,58.75
107,155,24,90,1,28.858333333333334
108,63,12,87,2,58.90833333333333
109,139,24,90,1,28.958333333333332
110,130,24,90,2,29.716666666666665
111,171,24,90,1,29.933333333333334
112,150,24,90,1,30.716666666666665
113,146,24,90,2,30.783333333333335
114,173,24,90,1,31.3
115,162,24,90,1,31.791666666666668
116,127,24,90,2,33.416666666666664
117,149,24,90,2,33.71666666666667
118,159,24,90,2,34.475
119,172,24,90,1,34.61666666666667
120,128,24,90,1,34.925
121,161,24,90,1,35.18333333333333
122,140,24,90,1,36.0
123,156,24,90,2,36.80833333333333
124,142,24,90,2,36.825
125,124,24,90,1,37.03333333333333
126,129,24,90,1,37.93333333333333
127,169,24,90,1,38.25
128,126,24,90,1,38.666666666666664
129,163,24,90,2,38.925
130,168,24,90,1,39.75833333333333
131,151,24,90,2,40.725
132,158,24,90,2,40.99166666666667
133,144,24,90,2,42.391666666666666
134,131,24,90,2,42.6
135,133,24,90,1,43.31666666666667
136,170,24,90,2,46.175
137,160,24,90,1,46.18333333333333
138,164,24,90,1,47.55
139,135,24,90,2,47.825
140,167,24,90,1,48.266666666666666
141,154,24,90,1,48.65833333333333
142,132,24,90,1,48.666666666666664
143,125,24,90,1,49.34166666666667
144,152,24,90,2,52.0
145,147,24,90,2,53.391666666666666
146,220,36,87,1,23.883333333333333
147,198,36,87,1,24.666666666666668
148,213,36,87,1,26.116666666666667
149,229,36,87,2,27.95
150,148,24,90,2,58.358333333333334
151,190,36,87,1,28.533333333333335
152,219,36,87,2,29.133333333333333
153,196,36,87,2,29.375
154,195,36,87,1,29.483333333333334
155,188,36,87,1,29.741666666666667
156,187,36,87,1,30.125
157,202,36,87,1,30.15
158,223,36,87,1,30.208333333333332
159,193,36,87,1,31.658333333333335
160,231,36,87,1,31.891666666666666
161,205,36,87,1,32.56666666666667
162,134,24,90,1,62.80833333333333
163,206,36,87,1,32.94166666666667
164,186,36,87,1,32.94166666666667
165,225,36,87,2,33.69166666666667
166,233,36,87,1,34.108333333333334
167,216,36,87,2,34.43333333333333
168,143,24,90,2,64.6
169,215,36,87,1,34.675
170,230,36,87,2,34.825
171,227,36,87,2,34.958333333333336
172,234,36,87,1,35.09166666666667
173,197,36,87,2,35.5
174,209,36,87,1,35.61666666666667
175,166,24,90,2,65.7
176,199,36,87,1,36.05833333333333
177,235,36,87,2,36.11666666666667
178,194,36,87,2,36.891666666666666
179,224,36,87,2,36.925
180,203,36,87,1,37.141666666666666
181,189,36,87,2,39.31666666666667
182,208,36,87,2,39.825
183,222,36,87,2,40.65833333333333
184,192,36,87,1,40.68333333333333
185,191,36,87,1,41.30833333333333
186,228,36,87,2,41.5
187,214,36,87,2,41.675
188,204,36,87,2,41.958333333333336
189,221,36,87,2,43.81666666666667
190,210,36,87,2,44.19166666666667
191,226,36,87,1,44.3
192,201,36,87,1,46.475
193,212,36,87,1,46.95
194,232,36,87,2,47.541666666666664
195,217,36,87,2,49.5
196,218,36,87,2,51.30833333333333
197,200,36,87,1,51.525
198,211,36,87,2,54.583333333333336
199,296,48,93,1,25.491666666666667
200,251,48,93,1,26.708333333333332
201,281,48,93,2,27.333333333333332
202,261,48,93,1,27.85
203,257,48,93,1,27.9
204,256,48,93,1,28.491666666666667
205,248,48,93,1,28.566666666666666
206,263,48,93,1,28.75
207,269,48,93,2,28.791666666666668
208,278,48,93,1,28.916666666666668
209,283,48,93,1,28.966666666666665
210,280,48,93,1,30.125
211,250,48,93,1,31.433333333333334
212,288,48,93,1,31.575
213,289,48,93,1,31.858333333333334
214,207,36,87,1,62.55
215,282,48,93,1,32.59166666666667
216,258,48,93,2,32.733333333333334
217,275,48,93,2,34.416666666666664
218,272,48,93,2,34.583333333333336
219,274,48,93,2,34.61666666666667
220,262,48,93,1,35.0
221,266,48,93,2,35.03333333333333
222,287,48,93,2,35.333333333333336
223,253,48,93,2,36.18333333333333
224,292,48,93,1,37.13333333333333
225,271,48,93,1,38.083333333333336
226,249,48,93,2,38.358333333333334
227,279,48,93,1,39.833333333333336
228,270,48,93,2,39.858333333333334
229,268,48,93,2,40.65833333333333
230,265,48,93,1,41.94166666666667
231,259,48,93,2,42.325
232,252,48,93,2,44.05833333333333
233,284,48,93,2,44.075
234,291,48,93,2,44.45
235,264,48,93,2,44.641666666666666
236,297,48,93,1,46.225
237,290,48,93,2,46.95
238,273,48,93,1,47.141666666666666
239,254,48,93,2,47.225
240,285,48,93,1,51.875
241,267,48,93,1,53.21666666666667
242,346,60,89,1,23.658333333333335
243,295,48,93,2,55.81666666666667
244,325,60,89,2,26.108333333333334
245,277,48,93,2,56.516666666666666
246,294,48,93,2,57.38333333333333
247,318,60,89,2,27.483333333333334
248,315,60,89,1,28.508333333333333
249,344,60,89,1,28.641666666666666
250,293,48,93,2,58.725
251,330,60,89,1,28.908333333333335
252,323,60,89,1,29.3
253,335,60,89,1,29.6
254,320,60,89,2,29.85
255,321,60,89,2,30.733333333333334
256,342,60,89,2,30.75
257,317,60,89,1,30.983333333333334
258,350,60,89,2,31.633333333333333
259,314,60,89,2,32.641666666666666
260,276,48,93,2,62.925
261,286,48,93,2,63.06666666666667
262,355,60,89,2,33.108333333333334
263,357,60,89,1,33.25833333333333
264,310,60,89,2,33.7
265,331,60,89,2,34.275
266,338,60,89,1,34.38333333333333
267,347,60,89,1,34.65833333333333
268,334,60,89,1,34.916666666666664
269,255,48,93,2,65.54166666666667
270,354,60,89,2,35.81666666666667
271,345,60,89,2,36.041666666666664
272,332,60,89,1,36.13333333333333
273,322,60,89,1,36.25833333333333
274,348,60,89,1,36.3
275,349,60,89,1,37.975
276,340,60,89,2,38.3
277,324,60,89,1,38.90833333333333
278,333,60,89,2,39.84166666666667
279,328,60,89,2,40.583333333333336
280,336,60,89,1,40.90833333333333
281,329,60,89,2,42.0
282,356,60,89,2,42.175
283,343,60,89,2,42.35
284,326,60,89,2,42.575
285,352,60,89,2,43.15
286,312,60,89,2,44.15
287,260,48,93,1,74.825
288,359,60,89,2,45.175
289,341,60,89,2,45.275
290,351,60,89,1,45.65
291,313,60,89,1,45.68333333333333
292,337,60,89,1,46.44166666666667
293,316,60,89,2,49.06666666666667
294,417,72,94,1,25.25
295,407,72,94,1,25.35
296,311,60,89,1,55.56666666666667
297,377,72,94,1,26.941666666666666
298,383,72,94,1,28.008333333333333
299,385,72,94,1,28.241666666666667
300,408,72,94,2,28.333333333333332
301,404,72,94,1,28.766666666666666
302,327,60,89,2,58.766666666666666
303,358,60,89,1,59.083333333333336
304,413,72,94,2,29.166666666666668
305,378,72,94,1,29.858333333333334
306,395,72,94,1,29.975
307,379,72,94,1,30.7
308,416,72,94,1,30.925
309,391,72,94,1,31.0
310,421,72,94,2,31.108333333333334
311,396,72,94,2,32.19166666666667
312,353,60,89,1,62.325
313,373,72,94,1,32.641666666666666
314,406,72,94,2,32.95
315,403,72,94,2,32.958333333333336
316,393,72,94,2,33.583333333333336
317,374,72,94,1,34.06666666666667
318,386,72,94,2,34.3
319,390,72,94,1,34.6
320,381,72,94,2,34.65
321,402,72,94,1,34.7
322,388,72,94,1,34.833333333333336
323,400,72,94,1,34.916666666666664
324,401,72,94,1,35.525
325,420,72,94,2,36.19166666666667
326,419,72,94,1,36.31666666666667
327,394,72,94,2,36.333333333333336
328,392,72,94,1,36.608333333333334
329,405,72,94,1,36.61666666666667
330,372,72,94,1,36.775
331,410,72,94,1,37.19166666666667
332,376,72,94,1,37.583333333333336
333,415,72,94,1,37.81666666666667
334,397,72,94,1,39.18333333333333
335,389,72,94,2,39.266666666666666
336,412,72,94,1,40.016666666666666
337,411,72,94,2,41.233333333333334
338,398,72,94,2,41.525
339,339,60,89,1,72.31666666666666
340,380,72,94,1,43.016666666666666
341,382,72,94,2,43.49166666666667
342,384,72,94,1,45.90833333333333
343,418,72,94,1,48.916666666666664
344,409,72,94,2,49.35
345,319,60,89,2,79.68333333333334
346,375,72,94,2,50.275
347,470,84,92,1,21.133333333333333
348,414,72,94,1,51.25
349,480,84,92,2,23.616666666666667
350,387,72,94,2,56.075
351,459,84,92,1,27.941666666666666
352,443,84,92,2,28.508333333333333
353,448,84,92,1,28.85
354,399,72,94,1,59.15833333333333
355,469,84,92,1,29.333333333333332
356,482,84,92,2,29.383333333333333
357,438,84,92,1,29.408333333333335
358,466,84,92,1,29.458333333333332
359,435,84,92,1,29.458333333333332
360,481,84,92,2,30.058333333333334
361,444,84,92,1,31.2
362,441,84,92,1,31.916666666666668
363,473,84,92,1,32.233333333333334
364,474,84,92,2,32.45
365,449,84,92,1,32.475
366,478,84,92,1,32.6
367,483,84,92,1,32.65833333333333
368,463,84,92,1,32.666666666666664
369,457,84,92,2,32.75
370,451,84,92,2,33.06666666666667
371,440,84,92,2,33.11666666666667
372,464,84,92,1,33.175
373,437,84,92,1,34.21666666666667
374,479,84,92,1,35.15
375,436,84,92,2,35.166666666666664
376,458,84,92,1,36.49166666666667
377,460,84,92,2,36.80833333333333
378,477,84,92,2,36.99166666666667
379,468,84,92,2,37.55
380,434,84,92,2,38.141666666666666
381,439,84,92,1,38.3
382,452,84,92,1,38.858333333333334
383,442,84,92,2,39.025
384,446,84,92,1,39.208333333333336
385,450,84,92,2,39.325
386,476,84,92,2,40.75
387,456,84,92,1,44.78333333333333
388,465,84,92,1,47.225
389,472,84,92,2,47.38333333333333
390,467,84,92,2,49.1
391,447,84,92,1,49.43333333333333
392,461,84,92,2,51.30833333333333
393,475,84,92,1,51.708333333333336
394,504,96,89,2,22.45
395,455,84,92,1,53.28333333333333
396,453,84,92,1,54.425
397,445,84,92,1,55.44166666666667
398,542,96,89,2,25.608333333333334
399,517,96,89,1,25.941666666666666
400,525,96,89,2,26.7
401,507,96,89,1,26.7
402,522,96,89,1,26.975
403,541,96,89,1,27.45
404,471,84,92,1,57.858333333333334
405,545,96,89,1,28.233333333333334
406,499,96,89,1,28.358333333333334
407,531,96,89,1,28.391666666666666
408,544,96,89,1,29.341666666666665
409,515,96,89,2,29.9
410,498,96,89,1,30.608333333333334
411,496,96,89,2,31.35
412,514,96,89,2,31.458333333333332
413,508,96,89,2,32.225
414,529,96,89,2,32.25
415,510,96,89,2,32.25833333333333
416,509,96,89,1,32.833333333333336
417,538,96,89,1,33.266666666666666
418,454,84,92,2,63.36666666666667
419,532,96,89,1,33.85
420,518,96,89,2,34.18333333333333
421,533,96,89,2,34.275
422,512,96,89,1,34.36666666666667
423,505,96,89,2,34.916666666666664
424,519,96,89,2,35.00833333333333
425,537,96,89,2,35.03333333333333
426,526,96,89,1,35.30833333333333
427,501,96,89,2,35.50833333333333
428,534,96,89,2,36.108333333333334
429,535,96,89,1,36.725
430,500,96,89,1,37.275
431,506,96,89,2,37.65
432,462,84,92,2,67.95
433,523,96,89,1,38.05
434,524,96,89,1,38.35
435,520,96,89,2,38.36666666666667
436,536,96,89,2,38.90833333333333
437,543,96,89,1,39.125
438,539,96,89,2,39.833333333333336
439,527,96,89,1,40.016666666666666
440,497,96,89,2,40.31666666666667
441,521,96,89,1,40.35
442,503,96,89,2,40.94166666666667
443,516,96,89,2,41.80833333333333
444,511,96,89,2,48.55
445,528,96,89,2,48.68333333333333
446,540,96,89,2,49.21666666666667
447,530,96,89,1,49.31666666666667
448,513,96,89,1,52.63333333333333
449,502,96,89,2,54.38333333333333
450,564,108,89,1,24.691666666666666
451,570,108,89,1,25.8
452,606,108,89,1,26.708333333333332
453,560,108,89,1,26.766666666666666
454,588,108,89,1,27.35
455,587,108,89,2,28.25
456,567,108,89,1,28.45
457,577,108,89,1,28.533333333333335
458,594,108,89,1,28.566666666666666
459,576,108,89,1,28.7
460,584,108,89,1,28.708333333333332
461,578,108,89,1,31.108333333333334
462,592,108,89,2,31.116666666666667
463,582,108,89,1,31.641666666666666
464,559,108,89,1,31.958333333333332
465,565,108,89,2,32.125
466,581,108,89,1,32.59166666666667
467,573,108,89,2,34.3
468,569,108,89,2,34.49166666666667
469,596,108,89,1,34.65833333333333
470,558,108,89,2,34.8
471,586,108,89,1,35.575
472,572,108,89,2,35.675
473,602,108,89,1,36.19166666666667
474,579,108,89,2,38.28333333333333
475,589,108,89,2,38.733333333333334
476,574,108,89,2,39.13333333333333
477,585,108,89,1,39.80833333333333
478,607,108,89,1,40.041666666666664
479,562,108,89,2,40.3
480,593,108,89,1,40.3
481,590,108,89,1,40.458333333333336
482,571,108,89,2,40.516666666666666
483,566,108,89,1,40.833333333333336
484,603,108,89,1,41.225
485,601,108,89,2,41.375
486,591,108,89,2,41.608333333333334
487,599,108,89,2,42.44166666666667
488,563,108,89,2,42.61666666666667
489,604,108,89,2,42.975
490,583,108,89,2,43.208333333333336
491,575,108,89,2,44.2
492,598,108,89,2,44.375
493,600,108,89,2,44.708333333333336
494,595,108,89,2,47.45
495,597,108,89,1,49.2
496,605,108,89,1,49.458333333333336
497,580,108,89,1,49.65833333333333
498,561,108,89,1,50.6
499,638,120,88,1,24.641666666666666
500,637,120,88,1,24.866666666666667
501,665,120,88,1,25.45
502,659,120,88,1,25.866666666666667
503,639,120,88,1,26.425
504,626,120,88,1,26.966666666666665
505,663,120,88,1,27.0
506,635,120,88,1,27.341666666666665
507,646,120,88,1,27.558333333333334
508,627,120,88,1,29.4
509,649,120,88,1,30.225
510,642,120,88,1,30.408333333333335
511,651,120,88,1,30.458333333333332
512,624,120,88,2,30.633333333333333
513,662,120,88,2,31.416666666666668
514,643,120,88,1,31.725
515,653,120,88,1,31.866666666666667
516,661,120,88,1,32.11666666666667
517,628,120,88,2,32.53333333333333
518,655,120,88,1,32.55833333333333
519,648,120,88,2,32.69166666666667
520,644,120,88,1,32.75833333333333
521,667,120,88,2,33.18333333333333
522,641,120,88,2,33.916666666666664
523,634,120,88,2,34.09166666666667
524,620,120,88,2,34.141666666666666
525,636,120,88,1,34.333333333333336
526,650,120,88,2,35.625
527,631,120,88,1,36.35
528,657,120,88,1,36.4
529,666,120,88,2,37.06666666666667
530,660,120,88,2,38.03333333333333
531,633,120,88,2,38.05833333333333
532,622,120,88,2,38.15833333333333
533,658,120,88,2,39.325
534,623,120,88,1,39.458333333333336
535,656,120,88,2,41.208333333333336
536,625,120,88,1,43.00833333333333
537,629,120,88,1,44.00833333333333
538,654,120,88,1,44.483333333333334
539,568,108,89,2,75.375
540,621,120,88,2,49.333333333333336
541,640,120,88,2,50.516666666666666
542,632,120,88,2,53.725
543,725,132,90,1,24.325
544,669,120,88,1,54.416666666666664
545,728,132,90,1,25.325
546,687,132,90,1,25.358333333333334
547,727,132,90,1,25.433333333333334
548,698,132,90,2,25.883333333333333
549,664,120,88,1,57.15833333333333
550,647,120,88,2,57.46666666666667
551,630,120,88,1,57.65
552,718,132,90,1,29.058333333333334
553,712,132,90,1,29.458333333333332
554,726,132,90,1,29.816666666666666
555,708,132,90,1,29.925
556,721,132,90,1,30.475
557,652,120,88,2,61.13333333333333
558,668,120,88,1,62.44166666666667
559,693,132,90,1,32.5
560,710,132,90,2,32.75
561,722,132,90,1,33.141666666666666
562,717,132,90,1,33.475
563,709,132,90,2,33.708333333333336
564,697,132,90,2,33.88333333333333
565,682,132,90,1,33.88333333333333
566,686,132,90,1,33.9
567,711,132,90,1,34.083333333333336
568,700,132,90,2,34.11666666666667
569,684,132,90,2,34.5
570,694,132,90,1,35.24166666666667
571,714,132,90,2,35.583333333333336
572,713,132,90,2,35.75
573,689,132,90,1,36.15
574,704,132,90,1,36.36666666666667
575,731,132,90,2,36.46666666666667
576,723,132,90,2,39.30833333333333
577,696,132,90,1,39.36666666666667
578,685,132,90,1,42.275
579,683,132,90,2,42.391666666666666
580,695,132,90,1,42.5
581,715,132,90,2,42.541666666666664
582,730,132,90,2,43.416666666666664
583,724,132,90,2,44.266666666666666
584,720,132,90,2,44.59166666666667
585,729,132,90,1,45.45
586,719,132,90,1,47.475
587,707,132,90,2,47.483333333333334
588,716,132,90,2,47.94166666666667
589,705,132,90,1,48.90833333333333
590,702,132,90,2,49.225
591,691,132,90,2,49.266666666666666
592,703,132,90,2,50.44166666666667
593,706,132,90,2,51.36666666666667
594,701,132,90,1,51.71666666666667
595,699,132,90,2,52.0
596,692,132,90,1,53.1
597,690,132,90,2,53.21666666666667
598,747,144,93,1,24.366666666666667
599,781,144,93,2,25.175
600,746,144,93,1,25.883333333333333
601,779,144,93,2,27.833333333333332
602,765,144,93,1,28.15
603,758,144,93,1,28.241666666666667
604,783,144,93,1,28.716666666666665
605,782,144,93,2,28.925
606,645,120,88,1,88.94166666666666
607,785,144,93,1,29.15
608,789,144,93,1,29.341666666666665
609,760,144,93,1,30.05
610,771,144,93,1,30.15
611,745,144,93,2,30.666666666666668
612,766,144,93,1,30.883333333333333
613,780,144,93,2,31.141666666666666
614,784,144,93,2,31.75
615,748,144,93,1,32.75833333333333
616,764,144,93,1,32.88333333333333
617,762,144,93,1,33.1
618,772,144,93,1,34.90833333333333
619,688,132,90,1,65.0
620,755,144,93,2,35.36666666666667
621,768,144,93,1,35.63333333333333
622,767,144,93,2,36.641666666666666
623,777,144,93,1,36.80833333333333
624,752,144,93,2,36.85
625,793,144,93,1,38.35
626,750,144,93,2,39.875
627,763,144,93,2,39.875
628,754,144,93,2,39.9
629,787,144,93,2,41.0
630,790,144,93,1,41.641666666666666
631,749,144,93,2,42.71666666666667
632,792,144,93,1,43.175
633,744,144,93,1,44.108333333333334
634,756,144,93,2,44.44166666666667
635,761,144,93,2,44.475
636,791,144,93,2,44.483333333333334
637,774,144,93,2,44.61666666666667
638,751,144,93,1,45.208333333333336
639,778,144,93,1,45.63333333333333
640,753,144,93,2,46.225
641,757,144,93,2,47.5
642,786,144,93,2,47.75
643,775,144,93,2,47.96666666666667
644,788,144,93,1,49.333333333333336
645,773,144,93,1,51.166666666666664
646,759,144,93,2,53.125
647,807,156,90,1,23.666666666666668
648,826,156,90,2,28.6
649,828,156,90,2,29.466666666666665
650,850,156,90,1,29.675
651,776,144,93,2,59.80833333333333
652,852,156,90,2,30.183333333333334
653,827,156,90,1,30.491666666666667
654,843,156,90,2,30.591666666666665
655,848,156,90,1,30.608333333333334
656,832,156,90,1,30.783333333333335
657,841,156,90,1,32.166666666666664
658,817,156,90,1,33.15833333333333
659,853,156,90,1,33.94166666666667
660,830,156,90,1,34.108333333333334
661,823,156,90,2,34.475
662,844,156,90,2,34.59166666666667
663,851,156,90,1,35.21666666666667
664,814,156,90,1,35.275
665,854,156,90,1,35.583333333333336
666,838,156,90,2,36.458333333333336
667,815,156,90,1,36.791666666666664
668,806,156,90,2,36.833333333333336
669,813,156,90,2,36.86666666666667
670,808,156,90,2,37.108333333333334
671,812,156,90,1,37.5
672,849,156,90,1,37.65
673,831,156,90,2,37.733333333333334
674,846,156,90,2,37.86666666666667
675,835,156,90,1,37.925
676,821,156,90,2,38.108333333333334
677,842,156,90,1,38.28333333333333
678,839,156,90,1,38.34166666666667
679,840,156,90,1,38.608333333333334
680,824,156,90,2,38.641666666666666
681,818,156,90,1,39.03333333333333
682,837,156,90,2,39.825
683,855,156,90,2,40.05
684,820,156,90,1,40.09166666666667
685,845,156,90,2,40.266666666666666
686,829,156,90,1,41.19166666666667
687,834,156,90,2,42.075
688,833,156,90,2,42.61666666666667
689,819,156,90,2,42.74166666666667
690,816,156,90,2,43.90833333333333
691,811,156,90,2,44.325
692,847,156,90,2,44.391666666666666
693,836,156,90,1,46.50833333333333
694,810,156,90,2,47.225
695,825,156,90,2,47.75
696,770,144,93,1,79.08333333333333
697,822,156,90,1,51.275
698,809,156,90,2,55.65833333333333
699,881,168,97,1,25.841666666666665
700,899,168,97,2,25.975
701,871,168,97,1,26.266666666666666
702,872,168,97,1,26.508333333333333
703,769,144,93,1,87.1
704,876,168,97,1,28.575
705,911,168,97,1,28.95
706,883,168,97,1,28.958333333333332
707,889,168,97,1,29.316666666666666
708,884,168,97,2,30.025
709,914,168,97,1,30.158333333333335
710,910,168,97,1,30.375
711,906,168,97,1,30.516666666666666
712,886,168,97,1,30.675
713,916,168,97,1,31.308333333333334
714,877,168,97,1,31.5
715,903,168,97,2,32.391666666666666
716,870,168,97,2,32.49166666666667
717,887,168,97,1,32.56666666666667
718,879,168,97,2,32.99166666666667
719,912,168,97,1,33.225
720,898,168,97,2,33.31666666666667
721,890,168,97,2,33.4
722,907,168,97,1,33.63333333333333
723,896,168,97,1,33.88333333333333
724,894,168,97,1,34.30833333333333
725,882,168,97,1,34.6
726,913,168,97,2,34.8
727,908,168,97,2,35.53333333333333
728,878,168,97,1,35.875
729,897,168,97,2,36.15
730,915,168,97,1,36.25
731,888,168,97,1,36.78333333333333
732,874,168,97,1,36.858333333333334
733,891,168,97,2,38.65
734,904,168,97,2,39.34166666666667
735,873,168,97,2,39.95
736,909,168,97,1,40.233333333333334
737,917,168,97,2,41.55833333333333
738,892,168,97,2,42.49166666666667
739,885,168,97,2,43.041666666666664
740,901,168,97,2,44.875
741,902,168,97,2,45.53333333333333
742,875,168,97,2,45.69166666666667
743,869,168,97,2,49.2
744,868,168,97,2,49.475
745,895,168,97,1,49.94166666666667
746,880,168,97,2,51.46666666666667
747,960,180,91,1,24.966666666666665
748,957,180,91,1,25.366666666666667
749,935,180,91,2,25.825
750,944,180,91,1,26.225
751,930,180,91,1,26.8
752,937,180,91,1,27.6
753,961,180,91,1,28.6
754,946,180,91,1,29.2
755,975,180,91,2,29.533333333333335
756,955,180,91,1,29.55
757,962,180,91,1,29.741666666666667
758,968,180,91,1,29.875
759,953,180,91,1,30.05
760,978,180,91,2,30.183333333333334
761,943,180,91,1,30.666666666666668
762,956,180,91,1,31.166666666666668
763,938,180,91,1,31.8
764,967,180,91,1,32.608333333333334
765,905,168,97,2,62.916666666666664
766,979,180,91,1,32.96666666666667
767,945,180,91,1,33.21666666666667
768,934,180,91,2,34.175
769,969,180,91,2,34.31666666666667
770,966,180,91,1,34.80833333333333
771,931,180,91,1,35.416666666666664
772,954,180,91,1,35.891666666666666
773,932,180,91,1,36.35
774,964,180,91,2,37.44166666666667
775,958,180,91,1,37.56666666666667
776,947,180,91,2,37.608333333333334
777,951,180,91,1,38.075
778,900,168,97,2,68.28333333333333
779,974,180,91,2,38.916666666666664
780,933,180,91,2,39.2
781,970,180,91,1,39.416666666666664
782,952,180,91,1,40.108333333333334
783,949,180,91,2,40.983333333333334
784,948,180,91,2,41.375
785,893,168,97,2,72.19166666666666
786,942,180,91,1,42.516666666666666
787,940,180,91,1,42.608333333333334
788,941,180,91,1,42.69166666666667
789,965,180,91,2,42.8
790,971,180,91,2,43.625
791,976,180,91,2,43.74166666666667
792,977,180,91,2,43.766666666666666
793,939,180,91,2,44.30833333333333
794,973,180,91,2,46.266666666666666
795,936,180,91,2,49.925
796,963,180,91,2,51.93333333333333
797,959,180,91,2,53.325
798,1012,192,90,1,25.675
799,995,192,90,1,26.083333333333332
800,1011,192,90,2,27.183333333333334
801,1039,192,90,1,27.516666666666666
802,1033,192,90,1,29.05
803,1025,192,90,2,29.15
804,1018,192,90,1,29.166666666666668
805,1037,192,90,2,29.308333333333334
806,996,192,90,2,29.558333333333334
807,1036,192,90,1,30.041666666666668
808,1029,192,90,1,31.95
809,1017,192,90,1,32.791666666666664
810,998,192,90,2,33.325
811,972,180,91,2,63.35
812,1031,192,90,1,33.78333333333333
813,1016,192,90,2,33.84166666666667
814,992,192,90,2,33.90833333333333
815,1022,192,90,2,34.00833333333333
816,1001,192,90,2,35.19166666666667
817,1023,192,90,1,35.458333333333336
818,999,192,90,1,36.25
819,1002,192,90,1,36.425
820,1006,192,90,1,37.016666666666666
821,1035,192,90,1,37.391666666666666
822,1028,192,90,2,37.5
823,1020,192,90,1,37.94166666666667
824,1007,192,90,1,38.108333333333334
825,1003,192,90,1,38.391666666666666
826,1013,192,90,2,38.40833333333333
827,997,192,90,1,38.55833333333333
828,993,192,90,2,38.791666666666664
829,1005,192,90,2,39.208333333333336
830,1015,192,90,2,39.35
831,1009,192,90,1,39.608333333333334
832,1000,192,90,2,40.4
833,1024,192,90,1,40.40833333333333
834,1026,192,90,2,40.958333333333336
835,1038,192,90,1,41.30833333333333
836,1027,192,90,1,42.075
837,950,180,91,1,73.33333333333333
838,1040,192,90,2,44.175
839,1019,192,90,2,45.25
840,1004,192,90,1,45.608333333333334
841,994,192,90,2,46.291666666666664
842,1014,192,90,2,48.9
843,1032,192,90,1,49.525
844,1008,192,90,1,52.85
845,1021,192,90,2,54.13333333333333
846,1030,192,90,2,54.333333333333336
847,1041,192,90,1,55.475
848,1095,204,92,1,27.133333333333333
849,1056,204,92,1,27.208333333333332
850,1069,204,92,2,28.2
851,1010,192,90,1,58.291666666666664
852,1075,204,92,1,28.3
853,1083,204,92,1,29.275
854,1074,204,92,1,29.316666666666666
855,1073,204,92,2,29.508333333333333
856,1097,204,92,1,30.708333333333332
857,1058,204,92,2,31.2
858,1094,204,92,1,31.433333333333334
859,1080,204,92,2,31.991666666666667
860,1062,204,92,1,32.583333333333336
861,1092,204,92,2,33.208333333333336
862,1086,204,92,2,33.56666666666667
863,1061,204,92,2,33.733333333333334
864,1088,204,92,2,33.75
865,1067,204,92,2,34.35
866,1081,204,92,1,34.40833333333333
867,1100,204,92,2,34.516666666666666
868,1072,204,92,2,34.75
869,1068,204,92,1,34.925
870,1057,204,92,2,34.94166666666667
871,1099,204,92,1,35.108333333333334
872,1066,204,92,2,36.4
873,1082,204,92,2,36.425
874,1079,204,92,1,36.891666666666666
875,1084,204,92,1,37.55833333333333
876,1078,204,92,1,37.88333333333333
877,1059,204,92,2,38.28333333333333
878,1064,204,92,2,38.425
879,1101,204,92,2,38.69166666666667
880,1063,204,92,1,39.725
881,1098,204,92,1,40.525
882,1085,204,92,1,40.99166666666667
883,1096,204,92,1,42.583333333333336
884,1077,204,92,2,43.34166666666667
885,1060,204,92,2,43.475
886,1089,204,92,2,43.608333333333334
887,1070,204,92,1,44.18333333333333
888,1093,204,92,2,45.34166666666667
889,1065,204,92,2,45.391666666666666
890,1076,204,92,2,46.775
891,1091,204,92,2,47.85
892,1054,204,92,1,51.03333333333333
893,1034,192,90,2,84.38333333333334
894,1138,216,93,1,24.8
895,1090,204,92,1,55.61666666666667
896,1071,204,92,2,55.65
897,1153,216,93,1,26.408333333333335
898,1139,216,93,1,26.516666666666666
899,1102,204,92,2,56.61666666666667
900,1116,216,93,2,26.925
901,1123,216,93,1,27.191666666666666
902,1124,216,93,2,27.466666666666665
903,1142,216,93,1,27.866666666666667
904,1121,216,93,1,29.225
905,1117,216,93,1,29.966666666666665
906,1140,216,93,1,30.741666666666667
907,1128,216,93,2,30.741666666666667
908,1165,216,93,2,31.591666666666665
909,1155,216,93,2,32.108333333333334
910,1118,216,93,2,32.3
911,1158,216,93,2,32.34166666666667
912,1159,216,93,1,32.80833333333333
913,1055,204,92,2,63.06666666666667
914,1130,216,93,1,33.25
915,1148,216,93,1,34.325
916,1120,216,93,1,34.325
917,1160,216,93,2,34.358333333333334
918,1134,216,93,1,34.74166666666667
919,1126,216,93,2,34.766666666666666
920,1154,216,93,1,35.166666666666664
921,1150,216,93,1,35.208333333333336
922,1151,216,93,2,35.5
923,1132,216,93,1,35.69166666666667
924,1156,216,93,1,35.85
925,1141,216,93,1,37.325
926,1127,216,93,2,37.34166666666667
927,1137,216,93,2,37.46666666666667
928,1161,216,93,1,37.65
929,1133,216,93,2,38.416666666666664
930,1164,216,93,2,38.733333333333334
931,1147,216,93,1,38.766666666666666
932,1144,216,93,2,39.541666666666664
933,1146,216,93,2,39.708333333333336
934,1152,216,93,1,40.06666666666667
935,1119,216,93,2,40.358333333333334
936,1136,216,93,2,40.708333333333336
937,1087,204,92,2,70.71666666666667
938,1135,216,93,2,40.891666666666666
939,1149,216,93,1,41.0
940,1131,216,93,1,41.49166666666667
941,1163,216,93,1,42.68333333333333
942,1143,216,93,2,47.50833333333333
943,1157,216,93,2,49.05
944,1162,216,93,2,50.791666666666664
945,1125,216,93,2,53.233333333333334
946,1129,216,93,1,54.05833333333333
947,1189,228,93,1,26.008333333333333
948,1103,204,92,2,87.25
949,1221,228,93,1,27.333333333333332
950,1198,228,93,1,28.141666666666666
951,1227,228,93,2,28.816666666666666
952,1145,216,93,2,59.30833333333333
953,1211,228,93,1,30.533333333333335
954,1181,228,93,1,30.55
955,1223,228,93,1,30.583333333333332
956,1204,228,93,1,30.7
957,1224,228,93,2,30.833333333333332
958,1209,228,93,2,31.891666666666666
959,1205,228,93,2,32.15
960,1199,228,93,1,32.291666666666664
961,1201,228,93,1,33.083333333333336
962,1220,228,93,1,33.59166666666667
963,1215,228,93,2,33.75833333333333
964,1195,228,93,2,34.858333333333334
965,1178,228,93,1,35.041666666666664
966,1190,228,93,2,35.68333333333333
967,1225,228,93,2,36.041666666666664
968,1196,228,93,1,36.69166666666667
969,1186,228,93,2,36.708333333333336
970,1213,228,93,1,36.75833333333333
971,1222,228,93,1,37.275
972,1179,228,93,1,37.31666666666667
973,1180,228,93,2,37.68333333333333
974,1194,228,93,1,37.708333333333336
975,1202,228,93,1,38.11666666666667
976,1208,228,93,2,38.35
977,1216,228,93,2,38.675
978,1212,228,93,1,39.38333333333333
979,1184,228,93,2,39.68333333333333
980,1210,228,93,2,39.99166666666667
981,1188,228,93,2,40.28333333333333
982,1218,228,93,1,41.53333333333333
983,1214,228,93,1,43.59166666666667
984,1203,228,93,2,44.333333333333336
985,1192,228,93,2,44.75833333333333
986,1207,228,93,2,44.983333333333334
987,1217,228,93,2,45.49166666666667
988,1193,228,93,2,45.516666666666666
989,1191,228,93,1,46.46666666666667
990,1206,228,93,2,47.38333333333333
991,1200,228,93,2,49.166666666666664
992,1182,228,93,1,49.31666666666667
993,1219,228,93,1,51.233333333333334
994,1187,228,93,2,52.19166666666667
995,1122,216,93,2,85.65
996,1197,228,93,2,56.96666666666667
997,1276,240,96,2,27.208333333333332
998,1269,240,96,1,27.458333333333332
999,1260,240,96,1,28.0
1000,1183,228,93,1,58.55
1001,1273,240,96,1,28.733333333333334
1002,1280,240,96,1,29.25
1003,1272,240,96,2,29.8
1004,1253,240,96,2,30.075
1005,1286,240,96,2,30.308333333333334
1006,1266,240,96,1,30.675
1007,1244,240,96,2,31.241666666666667
1008,1267,240,96,2,31.25
1009,1284,240,96,1,31.525
1010,1261,240,96,1,31.808333333333334
1011,1263,240,96,2,31.825
1012,1277,240,96,1,32.59166666666667
1013,1282,240,96,1,32.725
1014,1249,240,96,1,32.78333333333333
1015,1241,240,96,1,33.03333333333333
1016,1279,240,96,2,34.141666666666666
1017,1275,240,96,1,34.175
1018,1185,228,93,1,64.28333333333333
1019,1255,240,96,2,34.44166666666667
1020,1250,240,96,1,35.075
1021,1274,240,96,1,35.19166666666667
1022,1254,240,96,1,36.083333333333336
1023,1252,240,96,2,36.8
1024,1287,240,96,2,37.2
1025,1262,240,96,1,37.36666666666667
1026,1288,240,96,1,38.075
1027,1243,240,96,2,38.108333333333334
1028,1285,240,96,2,38.2
1029,1264,240,96,2,38.38333333333333
1030,1257,240,96,2,38.416666666666664
1031,1270,240,96,1,38.475
1032,1248,240,96,1,38.483333333333334
1033,1265,240,96,1,38.80833333333333
1034,1226,228,93,2,68.88333333333334
1035,1251,240,96,2,39.94166666666667
1036,1281,240,96,2,39.99166666666667
1037,1268,240,96,2,40.59166666666667
1038,1256,240,96,2,41.375
1039,1271,240,96,2,41.80833333333333
1040,1242,240,96,2,42.05
1041,1278,240,96,2,43.425
1042,1283,240,96,1,43.80833333333333
1043,1258,240,96,2,44.0
1044,1246,240,96,2,44.333333333333336
1045,1289,240,96,2,45.675
1046,1259,240,96,2,47.1
1047,1245,240,96,1,48.69166666666667
1048,1247,240,96,1,49.03333333333333
1049,1330,252,95,1,20.0
1050,1335,252,95,1,22.916666666666668
1051,1332,252,95,1,27.816666666666666
1052,1309,252,95,2,28.766666666666666
1053,1331,252,95,2,29.45
1054,1338,252,95,1,29.5
1055,1320,252,95,2,29.508333333333333
1056,1311,252,95,2,30.025
1057,1307,252,95,2,31.25
1058,1308,252,95,2,31.841666666666665
1059,1314,252,95,2,32.141666666666666
1060,1313,252,95,2,32.90833333333333
1061,1302,252,95,2,33.141666666666666
1062,1312,252,95,2,33.275
1063,1346,252,95,2,33.43333333333333
1064,1310,252,95,1,33.65833333333333
1065,1329,252,95,2,34.0
1066,1339,252,95,2,34.225
1067,1328,252,95,2,34.24166666666667
1068,1343,252,95,2,34.458333333333336
1069,1240,240,96,2,64.48333333333333
1070,1321,252,95,1,34.50833333333333
1071,1342,252,95,1,35.84166666666667
1072,1344,252,95,2,35.916666666666664
1073,1319,252,95,2,35.95
1074,1317,252,95,2,36.175
1075,1333,252,95,2,36.358333333333334
1076,1304,252,95,1,36.375
1077,1324,252,95,1,36.925
1078,1305,252,95,2,37.09166666666667
1079,1350,252,95,2,37.13333333333333
1080,1351,252,95,1,37.666666666666664
1081,1325,252,95,1,37.9
1082,1349,252,95,1,38.225
1083,1334,252,95,1,38.31666666666667
1084,1322,252,95,2,39.46666666666667
1085,1337,252,95,2,40.49166666666667
1086,1347,252,95,2,41.68333333333333
1087,1315,252,95,2,42.325
1088,1340,252,95,2,42.68333333333333
1089,1348,252,95,2,42.85
1090,1326,252,95,1,43.18333333333333
1091,1323,252,95,2,43.55
1092,1345,252,95,1,43.975
1093,1336,252,95,2,44.61666666666667
1094,1306,252,95,2,46.43333333333333
1095,1318,252,95,2,46.608333333333334
1096,1316,252,95,2,49.516666666666666
1097,1303,252,95,2,50.5
1098,1341,252,95,1,52.19166666666667
1099,1381,264,93,1,24.083333333333332
1100,1401,264,93,2,26.916666666666668
1101,1412,264,93,1,27.108333333333334
1102,1398,264,93,1,28.825
1103,1369,264,93,2,28.975
1104,1403,264,93,1,29.025
1105,1388,264,93,1,29.633333333333333
1106,1383,264,93,2,30.291666666666668
1107,1378,264,93,2,30.316666666666666
1108,1327,252,95,1,60.775
1109,1384,264,93,1,31.758333333333333
1110,1389,264,93,1,31.766666666666666
1111,1371,264,93,2,32.05833333333333
1112,1379,264,93,1,32.30833333333333
1113,1368,264,93,1,32.95
1114,1375,264,93,2,33.25
1115,1405,264,93,2,33.36666666666667
1116,1366,264,93,1,34.43333333333333
1117,1407,264,93,2,35.3
1118,1376,264,93,1,35.5
1119,1395,264,93,2,35.6
1120,1385,264,93,1,35.65833333333333
1121,1404,264,93,2,35.733333333333334
1122,1386,264,93,2,36.30833333333333
1123,1391,264,93,1,37.06666666666667
1124,1409,264,93,1,37.43333333333333
1125,1402,264,93,1,37.608333333333334
1126,1392,264,93,1,37.96666666666667
1127,1413,264,93,2,38.458333333333336
1128,1390,264,93,2,38.475
1129,1364,264,93,2,38.5
1130,1373,264,93,1,38.983333333333334
1131,1372,264,93,2,40.2
1132,1367,264,93,2,40.35
1133,1382,264,93,1,41.016666666666666
1134,1406,264,93,1,41.55
1135,1393,264,93,1,41.55833333333333
1136,1380,264,93,2,42.31666666666667
1137,1370,264,93,1,42.375
1138,1399,264,93,2,42.55
1139,1374,264,93,1,44.05833333333333
1140,1410,264,93,1,44.9
1141,1400,264,93,1,46.49166666666667
1142,1377,264,93,2,49.108333333333334
1143,1397,264,93,2,49.44166666666667
1144,1396,264,93,2,50.608333333333334
1145,1408,264,93,2,52.775
1146,1472,276,93,1,23.075
1147,1394,264,93,2,53.583333333333336
1148,1411,264,93,2,55.0
1149,1431,276,93,1,27.333333333333332
1150,1465,276,93,2,27.433333333333334
1151,1456,276,93,2,27.458333333333332
1152,1447,276,93,1,28.241666666666667
1153,1433,276,93,2,28.575
1154,1432,276,93,1,29.041666666666668
1155,1440,276,93,1,29.358333333333334
1156,1470,276,93,2,29.691666666666666
1157,1435,276,93,1,29.741666666666667
1158,1454,276,93,1,29.9
1159,1387,264,93,2,60.291666666666664
1160,1450,276,93,2,30.383333333333333
1161,1437,276,93,1,30.491666666666667
1162,1448,276,93,2,30.575
1163,1442,276,93,2,31.308333333333334
1164,1436,276,93,2,31.766666666666666
1165,1438,276,93,1,31.766666666666666
1166,1449,276,93,1,32.025
1167,1429,276,93,2,32.05
1168,1458,276,93,2,32.43333333333333
1169,1426,276,93,1,32.891666666666666
1170,1430,276,93,1,33.291666666666664
1171,1451,276,93,1,33.5
1172,1453,276,93,2,33.891666666666666
1173,1475,276,93,2,34.06666666666667
1174,1439,276,93,1,34.416666666666664
1175,1444,276,93,2,34.6
1176,1427,276,93,2,35.925
1177,1428,276,93,1,37.34166666666667
1178,1455,276,93,2,37.49166666666667
1179,1445,276,93,1,37.775
1180,1466,276,93,2,38.141666666666666
1181,1434,276,93,2,38.59166666666667
1182,1467,276,93,2,41.28333333333333
1183,1459,276,93,2,42.55833333333333
1184,1471,276,93,2,42.80833333333333
1185,1446,276,93,2,43.041666666666664
1186,1461,276,93,2,43.333333333333336
1187,1460,276,93,2,43.358333333333334
1188,1474,276,93,2,45.358333333333334
1189,1365,264,93,1,75.79166666666667
1190,1452,276,93,2,45.94166666666667
1191,1443,276,93,2,47.43333333333333
1192,1468,276,93,2,47.733333333333334
1193,1469,276,93,2,47.75
1194,1441,276,93,1,51.88333333333333
1195,1464,276,93,2,53.69166666666667
1196,1511,288,90,2,24.341666666666665
1197,1462,276,93,1,54.75
1198,1502,288,90,1,25.083333333333332
1199,1517,288,90,1,27.458333333333332
1200,1473,276,93,2,57.958333333333336
1201,1488,288,90,2,28.125
1202,1491,288,90,2,28.616666666666667
1203,1518,288,90,1,28.625
1204,1514,288,90,1,28.8
1205,1513,288,90,1,28.858333333333334
1206,1496,288,90,2,28.991666666666667
1207,1536,288,90,1,29.708333333333332
1208,1533,288,90,1,30.133333333333333
1209,1507,288,90,2,31.533333333333335
1210,1532,288,90,1,31.891666666666666
1211,1503,288,90,1,31.916666666666668
1212,1499,288,90,1,32.31666666666667
1213,1490,288,90,2,32.325
1214,1531,288,90,1,32.4
1215,1528,288,90,2,32.55
1216,1534,288,90,2,32.80833333333333
1217,1516,288,90,2,32.875
1218,1495,288,90,2,34.36666666666667
1219,1520,288,90,1,35.141666666666666
1220,1500,288,90,1,35.458333333333336
1221,1508,288,90,2,35.891666666666666
1222,1526,288,90,1,35.975
1223,1509,288,90,1,36.21666666666667
1224,1523,288,90,2,37.8
1225,1493,288,90,1,38.275
1226,1527,288,90,1,38.56666666666667
1227,1512,288,90,1,38.69166666666667
1228,1522,288,90,1,38.858333333333334
1229,1537,288,90,2,38.925
1230,1489,288,90,2,39.84166666666667
1231,1463,276,93,2,69.94166666666666
1232,1535,288,90,2,39.96666666666667
1233,1494,288,90,2,40.09166666666667
1234,1525,288,90,1,40.21666666666667
1235,1521,288,90,1,40.46666666666667
1236,1457,276,93,2,70.71666666666667
1237,1529,288,90,1,40.74166666666667
1238,1497,288,90,2,41.291666666666664
1239,1515,288,90,2,42.06666666666667
1240,1519,288,90,1,42.49166666666667
1241,1524,288,90,1,43.13333333333333
1242,1530,288,90,2,44.983333333333334
1243,1510,288,90,2,46.3
1244,1504,288,90,1,46.85
1245,1505,288,90,2,47.225
1246,1501,288,90,2,51.125
1247,1506,288,90,2,53.09166666666667
1248,1570,300,91,1,23.825
1249,1597,300,91,1,26.933333333333334
1250,1560,300,91,1,27.891666666666666
1251,1573,300,91,2,28.016666666666666
1252,1554,300,91,1,28.625
1253,1565,300,91,1,28.641666666666666
1254,1568,300,91,1,28.958333333333332
1255,1576,300,91,1,29.908333333333335
1256,1579,300,91,2,29.975
1257,1585,300,91,1,30.4
1258,1581,300,91,1,30.475
1259,1558,300,91,2,30.541666666666668
1260,1574,300,91,1,30.875
1261,1563,300,91,1,31.091666666666665
1262,1583,300,91,1,31.133333333333333
1263,1580,300,91,1,31.333333333333332
1264,1492,288,90,1,61.85
1265,1590,300,91,1,32.1
1266,1571,300,91,1,32.55
1267,1593,300,91,2,33.6
1268,1596,300,91,1,34.28333333333333
1269,1498,288,90,2,64.4
1270,1567,300,91,1,34.46666666666667
1271,1559,300,91,2,34.55833333333333
1272,1552,300,91,1,34.891666666666666
1273,1556,300,91,1,35.45
1274,1577,300,91,2,36.38333333333333
1275,1589,300,91,2,36.525
1276,1578,300,91,1,36.791666666666664
1277,1575,300,91,1,37.275
1278,1562,300,91,2,38.3
1279,1555,300,91,1,38.541666666666664
1280,1594,300,91,1,39.0
1281,1591,300,91,1,39.28333333333333
1282,1572,300,91,2,40.46666666666667
1283,1561,300,91,1,41.35
1284,1588,300,91,1,41.416666666666664
1285,1557,300,91,1,42.49166666666667
1286,1598,300,91,2,42.575
1287,1564,300,91,1,43.166666666666664
1288,1599,300,91,2,44.641666666666666
1289,1587,300,91,1,44.975
1290,1551,300,91,2,45.31666666666667
1291,1553,300,91,1,46.708333333333336
1292,1595,300,91,2,48.516666666666666
1293,1569,300,91,1,48.625
1294,1550,300,91,1,48.63333333333333
1295,1582,300,91,2,48.833333333333336
1296,1586,300,91,1,49.275
1297,1622,312,92,2,24.566666666666666
1298,1632,312,92,2,24.833333333333332
1299,1647,312,92,1,24.933333333333334
1300,1648,312,92,1,26.683333333333334
1301,1592,300,91,2,57.083333333333336
1302,1624,312,92,1,27.8
1303,1655,312,92,1,27.991666666666667
1304,1614,312,92,1,28.675
1305,1584,300,91,2,58.68333333333333
1306,1621,312,92,1,29.066666666666666
1307,1652,312,92,2,29.525
1308,1629,312,92,1,29.816666666666666
1309,1640,312,92,1,30.341666666666665
1310,1613,312,92,1,31.0
1311,1631,312,92,1,31.466666666666665
1312,1639,312,92,2,33.3
1313,1635,312,92,2,33.55
1314,1651,312,92,1,33.675
1315,1644,312,92,1,33.68333333333333
1316,1658,312,92,2,34.025
1317,1660,312,92,2,34.333333333333336
1318,1650,312,92,2,34.80833333333333
1319,1566,300,91,2,65.05833333333334
1320,1620,312,92,1,35.175
1321,1626,312,92,1,35.475
1322,1633,312,92,1,36.44166666666667
1323,1661,312,92,1,36.85
1324,1654,312,92,1,37.00833333333333
1325,1634,312,92,2,37.59166666666667
1326,1642,312,92,2,38.425
1327,1616,312,92,1,38.56666666666667
1328,1627,312,92,2,38.625
1329,1653,312,92,1,39.46666666666667
1330,1649,312,92,1,39.516666666666666
1331,1618,312,92,1,40.666666666666664
1332,1641,312,92,1,43.075
1333,1615,312,92,2,43.19166666666667
1334,1646,312,92,2,43.55
1335,1636,312,92,2,43.583333333333336
1336,1619,312,92,1,45.791666666666664
1337,1612,312,92,1,46.18333333333333
1338,1630,312,92,1,47.075
1339,1638,312,92,2,47.46666666666667
1340,1656,312,92,1,50.775
1341,1643,312,92,2,50.84166666666667
1342,1637,312,92,2,52.05
1343,1623,312,92,2,52.68333333333333
1344,1657,312,92,2,52.916666666666664
1345,1628,312,92,2,53.541666666666664
1346,1681,324,90,1,24.141666666666666
1347,1695,324,90,2,24.783333333333335
1348,1688,324,90,2,24.875
1349,1715,324,90,1,25.883333333333333
1350,1675,324,90,1,26.766666666666666
1351,1645,312,92,1,59.375
1352,1698,324,90,2,29.783333333333335
1353,1721,324,90,1,29.825
1354,1697,324,90,1,30.141666666666666
1355,1700,324,90,2,30.683333333333334
1356,1714,324,90,2,30.791666666666668
1357,1685,324,90,1,30.991666666666667
1358,1696,324,90,2,32.025
1359,1674,324,90,1,32.38333333333333
1360,1678,324,90,1,33.425
1361,1687,324,90,1,33.575
1362,1709,324,90,1,33.666666666666664
1363,1702,324,90,2,33.891666666666666
1364,1691,324,90,2,34.025
1365,1706,324,90,2,34.075
1366,1707,324,90,2,34.21666666666667
1367,1659,312,92,1,64.85833333333333
1368,1704,324,90,1,35.483333333333334
1369,1692,324,90,2,35.9
1370,1717,324,90,1,36.458333333333336
1371,1694,324,90,1,37.30833333333333
1372,1677,324,90,2,37.44166666666667
1373,1719,324,90,2,37.8
1374,1680,324,90,2,38.28333333333333
1375,1699,324,90,1,38.641666666666666
1376,1617,312,92,2,68.8
1377,1701,324,90,1,39.18333333333333
1378,1720,324,90,1,40.30833333333333
1379,1676,324,90,1,40.34166666666667
1380,1723,324,90,2,40.425
1381,1703,324,90,1,41.18333333333333
1382,1679,324,90,1,42.00833333333333
1383,1712,324,90,2,43.61666666666667
1384,1710,324,90,2,44.3
1385,1693,324,90,2,44.825
1386,1686,324,90,2,45.81666666666667
1387,1713,324,90,1,45.96666666666667
1388,1683,324,90,1,46.95
1389,1689,324,90,1,47.025
1390,1711,324,90,2,49.275
1391,1718,324,90,2,52.083333333333336
1392,1722,324,90,2,53.775
1393,1740,336,95,1,24.833333333333332
1394,1763,336,95,1,25.183333333333334
1395,1708,324,90,2,55.725
1396,1745,336,95,1,25.866666666666667
1397,1768,336,95,1,26.75
1398,1783,336,95,1,27.341666666666665
1399,1781,336,95,1,27.591666666666665
1400,1737,336,95,2,27.716666666666665
1401,1780,336,95,1,27.716666666666665
1402,1775,336,95,1,28.125
1403,1757,336,95,2,28.266666666666666
1404,1684,324,90,1,58.266666666666666
1405,1769,336,95,1,28.35
1406,1739,336,95,1,28.658333333333335
1407,1782,336,95,1,28.925
1408,1764,336,95,1,29.016666666666666
1409,1749,336,95,2,29.258333333333333
1410,1716,324,90,1,59.69166666666667
1411,1779,336,95,1,29.733333333333334
1412,1755,336,95,1,30.083333333333332
1413,1760,336,95,1,31.066666666666666
1414,1742,336,95,1,31.591666666666665
1415,1738,336,95,1,32.291666666666664
1416,1690,324,90,2,62.84166666666667
1417,1750,336,95,1,32.916666666666664
1418,1777,336,95,2,33.275
1419,1761,336,95,1,34.0
1420,1754,336,95,1,34.05
1421,1736,336,95,1,34.458333333333336
1422,1752,336,95,2,34.65833333333333
1423,1776,336,95,1,35.13333333333333
1424,1705,324,90,2,65.225
1425,1778,336,95,1,37.34166666666667
1426,1773,336,95,2,37.61666666666667
1427,1744,336,95,1,38.041666666666664
1428,1753,336,95,2,38.05833333333333
1429,1766,336,95,1,38.2
1430,1758,336,95,2,38.6
1431,1772,336,95,2,39.06666666666667
1432,1741,336,95,1,39.36666666666667
1433,1756,336,95,1,39.975
1434,1751,336,95,2,40.25
1435,1743,336,95,1,40.275
1436,1765,336,95,1,40.666666666666664
1437,1747,336,95,2,41.641666666666666
1438,1784,336,95,2,41.958333333333336
1439,1785,336,95,2,42.391666666666666
1440,1759,336,95,2,42.925
1441,1762,336,95,2,43.666666666666664
1442,1770,336,95,2,47.425
1443,1682,324,90,2,78.05
1444,1774,336,95,2,48.53333333333333
1445,1746,336,95,1,49.175
1446,1748,336,95,2,49.96666666666667
1447,1767,336,95,2,50.88333333333333
1448,1798,348,87,2,23.008333333333333
1449,1809,348,87,1,24.225
1450,1771,336,95,1,55.791666666666664
1451,1828,348,87,1,25.841666666666665
1452,1804,348,87,1,26.566666666666666
1453,1811,348,87,1,27.041666666666668
1454,1817,348,87,1,27.825
1455,1836,348,87,1,28.525
1456,1805,348,87,1,29.3
1457,1810,348,87,1,29.825
1458,1802,348,87,1,30.491666666666667
1459,1837,348,87,1,30.991666666666667
1460,1803,348,87,2,31.091666666666665
1461,1819,348,87,1,31.15
1462,1801,348,87,2,31.233333333333334
1463,1844,348,87,2,31.258333333333333
1464,1823,348,87,1,31.316666666666666
1465,1822,348,87,1,31.433333333333334
1466,1840,348,87,1,31.883333333333333
1467,1830,348,87,1,32.483333333333334
1468,1833,348,87,2,32.575
1469,1827,348,87,2,32.675
1470,1818,348,87,1,33.333333333333336
1471,1839,348,87,1,33.75
1472,1625,312,92,2,124.00833333333334
1473,1808,348,87,1,34.24166666666667
1474,1835,348,87,1,34.25
1475,1831,348,87,2,34.358333333333334
1476,1816,348,87,1,34.55833333333333
1477,1799,348,87,2,35.86666666666667
1478,1832,348,87,1,36.525
1479,1842,348,87,1,36.56666666666667
1480,1843,348,87,2,37.43333333333333
1481,1834,348,87,1,37.45
1482,1845,348,87,1,37.6
1483,1813,348,87,1,37.75833333333333
1484,1807,348,87,1,38.625
1485,1847,348,87,2,40.49166666666667
1486,1838,348,87,2,41.06666666666667
1487,1815,348,87,2,42.59166666666667
1488,1824,348,87,1,43.083333333333336
1489,1826,348,87,2,43.24166666666667
1490,1800,348,87,2,44.2
1491,1806,348,87,2,44.65
1492,1814,348,87,1,44.80833333333333
1493,1821,348,87,2,48.13333333333333
1494,1841,348,87,2,48.275
1495,1820,348,87,1,49.983333333333334
1496,1895,360,91,1,22.9
1497,1866,360,91,1,23.325
1498,1812,348,87,1,54.49166666666667
1499,1882,360,91,1,25.658333333333335
1500,1860,360,91,1,25.708333333333332
1501,1890,360,91,2,25.775
1502,1876,360,91,1,25.9
1503,1869,360,91,1,26.0
1504,1874,360,91,2,27.066666666666666
1505,1878,360,91,1,27.25
1506,1829,348,87,2,57.49166666666667
1507,1871,360,91,1,28.316666666666666
1508,1880,360,91,1,29.175
1509,1897,360,91,1,29.791666666666668
1510,1884,360,91,2,31.575
1511,1909,360,91,1,31.641666666666666
1512,1891,360,91,1,31.758333333333333
1513,1901,360,91,1,31.916666666666668
1514,1900,360,91,1,32.016666666666666
1515,1907,360,91,2,32.59166666666667
1516,1865,360,91,2,32.69166666666667
1517,1868,360,91,2,32.75
1518,1846,348,87,1,63.2
1519,1881,360,91,2,33.8
1520,1870,360,91,1,33.825
1521,1872,360,91,2,34.05
1522,1906,360,91,2,34.63333333333333
1523,1887,360,91,1,34.71666666666667
1524,1877,360,91,2,35.65
1525,1867,360,91,1,36.05833333333333
1526,1879,360,91,2,36.275
1527,1904,360,91,1,36.733333333333334
1528,1873,360,91,2,37.416666666666664
1529,1885,360,91,1,37.84166666666667
1530,1889,360,91,1,39.6
1531,1875,360,91,1,39.775
1532,1894,360,91,1,39.875
1533,1899,360,91,2,40.35
1534,1902,360,91,1,41.858333333333334
1535,1886,360,91,1,42.958333333333336
1536,1883,360,91,1,43.55833333333333
1537,1863,360,91,1,43.80833333333333
1538,1864,360,91,2,44.34166666666667
1539,1905,360,91,2,44.68333333333333
1540,1892,360,91,2,45.291666666666664
1541,1898,360,91,2,47.50833333333333
1542,1908,360,91,2,47.858333333333334
1543,1896,360,91,2,48.6
1544,1927,372,89,1,23.425
1545,1943,372,89,2,24.391666666666666
1546,1861,360,91,2,54.858333333333334
1547,1893,360,91,2,55.40833333333333
1548,1933,372,89,1,25.75
1549,1959,372,89,2,26.575
1550,1937,372,89,1,27.8
1551,1932,372,89,1,28.158333333333335
1552,1935,372,89,2,28.533333333333335
1553,1947,372,89,1,28.566666666666666
1554,1962,372,89,2,28.841666666666665
1555,1936,372,89,1,29.0
1556,1922,372,89,1,29.466666666666665
1557,1953,372,89,1,30.25
1558,1969,372,89,1,30.3
1559,1938,372,89,2,31.366666666666667
1560,1949,372,89,1,31.508333333333333
1561,1948,372,89,1,31.675
1562,1966,372,89,1,31.8
1563,1926,372,89,2,31.825
1564,1955,372,89,1,32.88333333333333
1565,1825,348,87,2,92.90833333333333
1566,1968,372,89,1,32.916666666666664
1567,1930,372,89,2,33.1
1568,1939,372,89,2,34.9
1569,1923,372,89,2,35.141666666666666
1570,1934,372,89,1,35.21666666666667
1571,1941,372,89,1,35.43333333333333
1572,1928,372,89,1,36.50833333333333
1573,1961,372,89,2,37.291666666666664
1574,1958,372,89,2,38.94166666666667
1575,1957,372,89,2,39.141666666666666
1576,1956,372,89,2,39.18333333333333
1577,1942,372,89,1,39.50833333333333
1578,1952,372,89,2,40.25833333333333
1579,1944,372,89,1,40.75833333333333
1580,1946,372,89,2,40.78333333333333
1581,1862,360,91,2,70.91666666666667
1582,1940,372,89,2,41.1
1583,1971,372,89,1,42.016666666666666
1584,1924,372,89,2,42.516666666666666
1585,1964,372,89,1,43.391666666666666
1586,1888,360,91,2,73.73333333333333
1587,1960,372,89,2,44.69166666666667
1588,1951,372,89,1,47.225
1589,1967,372,89,2,47.891666666666666
1590,1945,372,89,1,50.958333333333336
1591,1954,372,89,1,52.31666666666667
1592,1963,372,89,2,53.525
1593,2029,384,92,1,25.341666666666665
1594,1995,384,92,1,26.766666666666666
1595,2011,384,92,2,26.883333333333333
1596,2023,384,92,2,27.5
1597,2021,384,92,1,27.808333333333334
1598,1929,372,89,2,58.233333333333334
1599,1988,384,92,1,29.458333333333332
1600,1999,384,92,2,29.483333333333334
1601,1986,384,92,1,30.008333333333333
1602,1950,372,89,2,60.13333333333333
1603,1990,384,92,1,30.825
1604,2028,384,92,1,30.85
1605,1997,384,92,2,31.958333333333332
1606,2001,384,92,2,32.325
1607,2007,384,92,2,32.4
1608,2013,384,92,1,32.63333333333333
1609,2026,384,92,2,32.71666666666667
1610,2017,384,92,1,32.925
1611,1998,384,92,1,33.69166666666667
1612,2030,384,92,2,33.833333333333336
1613,1984,384,92,1,34.25833333333333
1614,2015,384,92,1,34.325
1615,1991,384,92,1,34.43333333333333
1616,2022,384,92,2,34.825
1617,2012,384,92,2,35.11666666666667
1618,2009,384,92,2,35.175
1619,2004,384,92,1,35.4
1620,2020,384,92,1,35.5
1621,2005,384,92,2,35.55833333333333
1622,1925,372,89,1,65.69166666666666
1623,2016,384,92,2,35.8
1624,2010,384,92,2,36.28333333333333
1625,2014,384,92,2,36.45
1626,1985,384,92,2,36.675
1627,2002,384,92,1,37.55
1628,1994,384,92,2,38.041666666666664
1629,2000,384,92,1,38.325
1630,2006,384,92,2,39.03333333333333
1631,1965,372,89,1,69.1
1632,1993,384,92,1,39.24166666666667
1633,1931,372,89,1,69.34166666666667
1634,2003,384,92,1,40.55
1635,1989,384,92,2,40.925
1636,1992,384,92,1,41.041666666666664
1637,2033,384,92,2,41.625
1638,2031,384,92,1,42.625
1639,2027,384,92,2,43.35
1640,1996,384,92,1,43.733333333333334
1641,1903,360,91,2,103.89166666666667
1642,1987,384,92,2,43.916666666666664
1643,2032,384,92,2,44.425
1644,2018,384,92,1,44.71666666666667
1645,1970,372,89,2,77.35833333333333
1646,2008,384,92,1,50.583333333333336
1647,2019,384,92,1,52.083333333333336
1648,2051,396,98,1,22.225
1649,2025,384,92,1,52.233333333333334
1650,2080,396,98,2,23.7
1651,2095,396,98,1,26.566666666666666
1652,2076,396,98,1,27.95
1653,2083,396,98,1,28.516666666666666
1654,2093,396,98,1,28.616666666666667
1655,2086,396,98,1,29.091666666666665
1656,2069,396,98,1,29.575
1657,2077,396,98,1,30.866666666666667
1658,2060,396,98,2,31.058333333333334
1659,2081,396,98,1,31.358333333333334
1660,2079,396,98,2,32.7
1661,2092,396,98,2,33.108333333333334
1662,2067,396,98,2,33.53333333333333
1663,2050,396,98,1,34.24166666666667
1664,2049,396,98,1,34.608333333333334
1665,2073,396,98,2,34.65
1666,2064,396,98,1,34.7
1667,2089,396,98,1,34.90833333333333
1668,2078,396,98,2,34.95
1669,2066,396,98,1,35.1
1670,2085,396,98,1,35.11666666666667
1671,2054,396,98,1,35.766666666666666
1672,2048,396,98,2,36.5
1673,2024,384,92,2,67.525
1674,2061,396,98,2,37.59166666666667
1675,2082,396,98,2,38.59166666666667
1676,2075,396,98,2,38.75
1677,2063,396,98,1,38.84166666666667
1678,2091,396,98,2,39.016666666666666
1679,2074,396,98,1,39.125
1680,2094,396,98,1,39.15
1681,2059,396,98,1,40.416666666666664
1682,2046,396,98,2,40.583333333333336
1683,2068,396,98,2,41.24166666666667
1684,2058,396,98,2,41.50833333333333
1685,2090,396,98,2,42.25
1686,2056,396,98,2,43.375
1687,2087,396,98,2,44.09166666666667
1688,2057,396,98,1,45.36666666666667
1689,2070,396,98,1,47.21666666666667
1690,2072,396,98,2,48.233333333333334
1691,2052,396,98,2,49.375
1692,2065,396,98,2,49.59166666666667
1693,2053,396,98,2,51.43333333333333
1694,2084,396,98,2,54.28333333333333
1695,2109,408,92,1,24.308333333333334
1696,2088,396,98,2,54.43333333333333
1697,2140,408,92,1,24.5
1698,2047,396,98,2,54.583333333333336
1699,2120,408,92,2,25.125
1700,2126,408,92,1,25.366666666666667
1701,2123,408,92,1,25.775
1702,2055,396,98,1,56.083333333333336
1703,2148,408,92,1,26.391666666666666
1704,2121,408,92,1,26.783333333333335
1705,2143,408,92,1,28.875
1706,2110,408,92,1,28.991666666666667
1707,2119,408,92,2,30.25
1708,2118,408,92,1,30.341666666666665
1709,2157,408,92,1,31.291666666666668
1710,2138,408,92,1,31.35
1711,2141,408,92,1,31.558333333333334
1712,2124,408,92,1,32.11666666666667
1713,2139,408,92,1,32.141666666666666
1714,2114,408,92,2,32.30833333333333
1715,2152,408,92,1,32.50833333333333
1716,2155,408,92,2,32.71666666666667
1717,2150,408,92,2,32.84166666666667
1718,2133,408,92,2,33.06666666666667
1719,2142,408,92,2,33.475
1720,2129,408,92,2,33.55
1721,2146,408,92,1,34.25833333333333
1722,2130,408,92,1,34.65833333333333
1723,2071,396,98,1,64.65833333333333
1724,2147,408,92,2,35.05
1725,2128,408,92,2,35.075
1726,2134,408,92,2,35.983333333333334
1727,2153,408,92,1,36.425
1728,2149,408,92,2,37.233333333333334
1729,2131,408,92,2,38.775
1730,2145,408,92,2,39.36666666666667
1731,2122,408,92,2,39.391666666666666
1732,2113,408,92,1,39.96666666666667
1733,2111,408,92,1,40.09166666666667
1734,2154,408,92,2,41.458333333333336
1735,2112,408,92,2,42.516666666666666
1736,2062,396,98,2,73.06666666666666
1737,2108,408,92,2,44.166666666666664
1738,2135,408,92,2,44.68333333333333
1739,2136,408,92,2,45.9
1740,2117,408,92,1,46.775
1741,2125,408,92,1,47.1
1742,2137,408,92,2,47.84166666666667
1743,2156,408,92,2,49.35
1744,2151,408,92,1,49.86666666666667
1745,2132,408,92,2,49.93333333333333
1746,2115,408,92,2,53.11666666666667
1747,2202,420,92,2,23.8
1748,2116,408,92,2,54.575
1749,2127,408,92,2,56.475
1750,2172,420,92,1,27.1
1751,2206,420,92,2,29.216666666666665
1752,2144,408,92,2,59.516666666666666
1753,2179,420,92,1,30.116666666666667
1754,2170,420,92,2,30.616666666666667
1755,2213,420,92,1,30.75
1756,2217,420,92,2,31.091666666666665
1757,2197,420,92,1,31.35
1758,2175,420,92,2,32.43333333333333
1759,2207,420,92,1,32.53333333333333
1760,2191,420,92,1,33.55
1761,2195,420,92,1,33.61666666666667
1762,2201,420,92,2,34.43333333333333
1763,2187,420,92,1,34.56666666666667
1764,2183,420,92,1,34.766666666666666
1765,2178,420,92,2,34.925
1766,2182,420,92,2,36.05
1767,2208,420,92,2,36.175
1768,2194,420,92,1,36.34166666666667
1769,2215,420,92,1,36.94166666666667
1770,2190,420,92,1,37.06666666666667
1771,2218,420,92,2,37.38333333333333
1772,2192,420,92,2,38.05833333333333
1773,2210,420,92,2,38.25
1774,2180,420,92,2,38.733333333333334
1775,2186,420,92,2,39.0
1776,2188,420,92,2,39.21666666666667
1777,2199,420,92,2,39.61666666666667
1778,2216,420,92,1,39.96666666666667
1779,2173,420,92,1,40.458333333333336
1780,2211,420,92,2,40.916666666666664
1781,2176,420,92,1,42.25
1782,2177,420,92,2,42.583333333333336
1783,2184,420,92,2,42.75
1784,2171,420,92,2,42.94166666666667
1785,2219,420,92,1,43.875
1786,2174,420,92,2,44.15833333333333
1787,2189,420,92,1,44.833333333333336
1788,2193,420,92,2,46.75
1789,2185,420,92,2,47.06666666666667
1790,2181,420,92,2,48.575
1791,2205,420,92,2,49.11666666666667
1792,2212,420,92,1,50.65833333333333
1793,2275,432,96,1,21.491666666666667
1794,2232,432,96,2,21.958333333333332
1795,2241,432,96,2,23.733333333333334
1796,2198,420,92,1,53.90833333333333
1797,2256,432,96,1,25.108333333333334
1798,2265,432,96,1,25.466666666666665
1799,2254,432,96,1,26.825
1800,2233,432,96,1,27.325
1801,2204,420,92,1,57.675
1802,2214,420,92,2,58.24166666666667
1803,2266,432,96,2,28.458333333333332
1804,2264,432,96,1,28.633333333333333
1805,2245,432,96,1,28.8
1806,2244,432,96,2,28.858333333333334
1807,2234,432,96,1,29.025
1808,2271,432,96,2,29.533333333333335
1809,2196,420,92,2,59.65
1810,2200,420,92,2,59.975
1811,2239,432,96,1,30.1
1812,2249,432,96,1,30.9
1813,2267,432,96,2,31.916666666666668
1814,2240,432,96,2,32.041666666666664
1815,2263,432,96,1,32.208333333333336
1816,2269,432,96,2,32.75
1817,2253,432,96,1,33.208333333333336
1818,2257,432,96,2,33.625
1819,2238,432,96,1,33.766666666666666
1820,2262,432,96,2,33.775
1821,2236,432,96,1,34.25
1822,2258,432,96,1,35.05833333333333
1823,2260,432,96,1,35.333333333333336
1824,2280,432,96,1,35.391666666666666
1825,2243,432,96,2,35.84166666666667
1826,2270,432,96,1,36.50833333333333
1827,2273,432,96,2,36.825
1828,2242,432,96,1,37.425
1829,2268,432,96,1,38.18333333333333
1830,2281,432,96,2,38.983333333333334
1831,2261,432,96,1,39.03333333333333
1832,2252,432,96,2,39.233333333333334
1833,2279,432,96,2,39.641666666666666
1834,2250,432,96,1,39.81666666666667
1835,2255,432,96,2,39.833333333333336
1836,2248,432,96,2,40.141666666666666
1837,2235,432,96,2,42.516666666666666
1838,2251,432,96,2,45.925
1839,2203,420,92,2,76.59166666666667
1840,2276,432,96,2,47.875
1841,2278,432,96,1,52.09166666666667
1842,2311,444,88,1,22.658333333333335
1843,2247,432,96,2,54.25833333333333
1844,2246,432,96,2,54.40833333333333
1845,2315,444,88,1,24.458333333333332
1846,2272,432,96,1,54.49166666666667
1847,2342,444,88,1,24.525
1848,2274,432,96,2,54.916666666666664
1849,2319,444,88,1,26.825
1850,2306,444,88,1,27.9
1851,2324,444,88,1,28.633333333333333
1852,2333,444,88,1,28.966666666666665
1853,2340,444,88,1,29.083333333333332
1854,2337,444,88,1,29.691666666666666
1855,2237,432,96,2,61.275
1856,2307,444,88,2,32.55
1857,2295,444,88,2,32.78333333333333
1858,2303,444,88,1,32.78333333333333
1859,2296,444,88,1,32.99166666666667
1860,2322,444,88,1,33.025
1861,2312,444,88,2,33.125
1862,2299,444,88,2,33.38333333333333
1863,2329,444,88,2,34.041666666666664
1864,2313,444,88,1,34.31666666666667
1865,2330,444,88,1,34.375
1866,2209,420,92,2,95.575
1867,2301,444,88,1,35.59166666666667
1868,2320,444,88,2,35.775
1869,2294,444,88,2,35.858333333333334
1870,2298,444,88,2,36.175
1871,2332,444,88,1,36.358333333333334
1872,2335,444,88,1,36.61666666666667
1873,2326,444,88,2,36.63333333333333
1874,2321,444,88,2,37.458333333333336
1875,2297,444,88,1,37.96666666666667
1876,2334,444,88,2,38.55833333333333
1877,2338,444,88,2,40.208333333333336
1878,2300,444,88,1,40.541666666666664
1879,2343,444,88,2,41.25833333333333
1880,2314,444,88,2,41.625
1881,2339,444,88,2,41.84166666666667
1882,2323,444,88,1,42.025
1883,2316,444,88,1,42.125
1884,2341,444,88,2,42.74166666666667
1885,2328,444,88,1,42.766666666666666
1886,2336,444,88,2,43.03333333333333
1887,2327,444,88,1,44.24166666666667
1888,2259,432,96,2,74.875
1889,2309,444,88,1,45.708333333333336
1890,2304,444,88,1,47.53333333333333
1891,2317,444,88,1,49.03333333333333
1892,2302,444,88,2,51.34166666666667
1893,2325,444,88,2,51.525
1894,2305,444,88,1,51.94166666666667
1895,2310,444,88,1,53.53333333333333
1896,2331,444,88,2,53.958333333333336
1897,2397,456,94,1,24.208333333333332
1898,2308,444,88,1,55.016666666666666
1899,2404,456,94,2,27.025
1900,2395,456,94,1,27.241666666666667
1901,2384,456,94,1,28.95
1902,2399,456,94,2,29.416666666666668
1903,2363,456,94,2,29.875
1904,2364,456,94,1,30.033333333333335
1905,2371,456,94,1,32.50833333333333
1906,2361,456,94,1,32.708333333333336
1907,2378,456,94,1,32.95
1908,2357,456,94,1,33.833333333333336
1909,2367,456,94,1,34.108333333333334
1910,2383,456,94,2,34.208333333333336
1911,2368,456,94,2,34.325
1912,2373,456,94,1,34.416666666666664
1913,2396,456,94,1,34.56666666666667
1914,2366,456,94,2,34.75
1915,2374,456,94,2,35.06666666666667
1916,2390,456,94,2,35.575
1917,2359,456,94,1,35.6
1918,2394,456,94,2,37.05833333333333
1919,2398,456,94,1,37.3
1920,2381,456,94,1,37.516666666666666
1921,2356,456,94,2,39.075
1922,2376,456,94,1,39.541666666666664
1923,2365,456,94,2,40.0
1924,2375,456,94,1,40.016666666666666
1925,2392,456,94,2,40.06666666666667
1926,2369,456,94,1,40.84166666666667
1927,2358,456,94,2,41.00833333333333
1928,2391,456,94,2,41.016666666666666
1929,2372,456,94,1,41.2
1930,2385,456,94,1,41.358333333333334
1931,2400,456,94,2,41.45
1932,2382,456,94,2,41.958333333333336
1933,2362,456,94,1,42.1
1934,2370,456,94,1,42.175
1935,2401,456,94,1,42.19166666666667
1936,2389,456,94,1,42.38333333333333
1937,2380,456,94,2,43.108333333333334
1938,2403,456,94,2,43.18333333333333
1939,2377,456,94,1,44.36666666666667
1940,2379,456,94,2,45.041666666666664
1941,2387,456,94,2,45.05
1942,2402,456,94,1,45.791666666666664
1943,2388,456,94,2,48.358333333333334
1944,2405,456,94,2,48.80833333333333
1945,2393,456,94,1,51.69166666666667
1946,2318,444,88,2,82.6
1947,2386,456,94,2,52.85
1948,2435,468,95,2,25.158333333333335
1949,2447,468,95,1,26.45
1950,2448,468,95,2,26.633333333333333
1951,2464,468,95,1,27.483333333333334
1952,2462,468,95,2,30.508333333333333
1953,2439,468,95,2,30.891666666666666
1954,2360,456,94,2,61.016666666666666
1955,2441,468,95,1,31.2
1956,2467,468,95,1,31.566666666666666
1957,2444,468,95,1,33.09166666666667
1958,2419,468,95,2,33.641666666666666
1959,2431,468,95,2,33.68333333333333
1960,2424,468,95,2,34.041666666666664
1961,2460,468,95,2,34.358333333333334
1962,2450,468,95,1,34.458333333333336
1963,2443,468,95,2,34.641666666666666
1964,2445,468,95,1,34.86666666666667
1965,2433,468,95,2,34.891666666666666
1966,2465,468,95,1,34.90833333333333
1967,2426,468,95,1,35.391666666666666
1968,2438,468,95,2,35.63333333333333
1969,2428,468,95,1,35.725
1970,2420,468,95,2,35.95
1971,2427,468,95,2,36.43333333333333
1972,2430,468,95,1,36.975
1973,2458,468,95,2,36.983333333333334
1974,2442,468,95,2,37.31666666666667
1975,2434,468,95,1,37.675
1976,2463,468,95,1,37.78333333333333
1977,2432,468,95,2,39.225
1978,2459,468,95,1,39.325
1979,2453,468,95,2,39.333333333333336
1980,2418,468,95,2,39.708333333333336
1981,2423,468,95,2,40.208333333333336
1982,2440,468,95,1,41.016666666666666
1983,2436,468,95,2,41.40833333333333
1984,2461,468,95,2,45.208333333333336
1985,2425,468,95,2,45.475
1986,2452,468,95,2,45.833333333333336
1987,2422,468,95,2,46.21666666666667
1988,2451,468,95,2,46.75
1989,2429,468,95,2,46.791666666666664
1990,2456,468,95,2,47.0
1991,2457,468,95,1,48.275
1992,2437,468,95,2,48.81666666666667
1993,2454,468,95,1,49.083333333333336
1994,2466,468,95,2,49.575
1995,2421,468,95,2,49.983333333333334
1996,2449,468,95,1,49.983333333333334
1997,2446,468,95,2,50.3
1998,2505,480,97,1,24.291666666666668
1999,2492,480,97,1,25.608333333333334
2000,2277,432,96,1,146.46666666666667
2001,2526,480,97,1,27.333333333333332
2002,2501,480,97,1,27.525
2003,2490,480,97,1,27.75
2004,2525,480,97,2,27.8
2005,2482,480,97,1,27.916666666666668
2006,2455,468,95,2,58.125
2007,2483,480,97,2,28.95
2008,2491,480,97,2,28.966666666666665
2009,2498,480,97,1,29.433333333333334
2010,2511,480,97,2,30.45
2011,2513,480,97,1,30.808333333333334
2012,2509,480,97,1,30.958333333333332
2013,2516,480,97,2,31.5
2014,2524,480,97,2,31.966666666666665
2015,2484,480,97,2,32.34166666666667
2016,2489,480,97,2,32.516666666666666
2017,2518,480,97,2,33.00833333333333
2018,2481,480,97,1,33.11666666666667
2019,2515,480,97,2,33.666666666666664
2020,2495,480,97,1,33.84166666666667
2021,2504,480,97,2,35.208333333333336
2022,2529,480,97,1,35.43333333333333
2023,2502,480,97,1,35.641666666666666
2024,2508,480,97,1,37.00833333333333
2025,2507,480,97,1,37.108333333333334
2026,2488,480,97,1,37.375
2027,2494,480,97,1,37.49166666666667
2028,2514,480,97,2,38.575
2029,2519,480,97,1,38.958333333333336
2030,2499,480,97,2,39.88333333333333
2031,2497,480,97,1,41.291666666666664
2032,2522,480,97,1,41.541666666666664
2033,2528,480,97,2,43.233333333333334
2034,2503,480,97,2,43.25
2035,2480,480,97,2,43.5
2036,2517,480,97,2,43.65833333333333
2037,2487,480,97,1,43.708333333333336
2038,2506,480,97,1,44.025
2039,2496,480,97,2,44.63333333333333
2040,2486,480,97,2,44.858333333333334
2041,2485,480,97,2,46.03333333333333
2042,2520,480,97,1,47.166666666666664
2043,2512,480,97,2,47.65
2044,2523,480,97,2,48.766666666666666
2045,2493,480,97,2,50.03333333333333
2046,2521,480,97,2,50.041666666666664
2047,2527,480,97,1,56.65833333333333
2048,2551,492,89,1,26.733333333333334
2049,2500,480,97,1,56.75
2050,2553,492,89,1,27.366666666666667
2051,2579,492,89,1,28.358333333333334
2052,2563,492,89,1,28.783333333333335
2053,2572,492,89,1,29.566666666666666
2054,2546,492,89,1,30.275
2055,2547,492,89,1,30.575
2056,2576,492,89,2,30.658333333333335
2057,2542,492,89,2,31.541666666666668
2058,2578,492,89,1,31.558333333333334
2059,2561,492,89,1,31.575
2060,2575,492,89,1,31.658333333333335
2061,2590,492,89,1,31.716666666666665
2062,2573,492,89,1,31.941666666666666
2063,2587,492,89,2,32.55
2064,2582,492,89,1,32.95
2065,2558,492,89,2,34.21666666666667
2066,2560,492,89,1,35.108333333333334
2067,2554,492,89,1,35.125
2068,2571,492,89,1,35.81666666666667
2069,2510,480,97,2,66.64166666666667
2070,2588,492,89,2,36.7
2071,2549,492,89,2,37.025
2072,2556,492,89,1,37.983333333333334
2073,2583,492,89,1,38.74166666666667
2074,2569,492,89,1,39.291666666666664
2075,2585,492,89,1,39.65
2076,2586,492,89,2,39.675
2077,2580,492,89,2,39.86666666666667
2078,2559,492,89,2,41.65833333333333
2079,2577,492,89,1,42.325
2080,2550,492,89,1,42.416666666666664
2081,2568,492,89,1,42.666666666666664
2082,2552,492,89,1,42.975
2083,2584,492,89,2,42.983333333333334
2084,2581,492,89,2,43.05
2085,2565,492,89,2,43.275
2086,2567,492,89,2,43.358333333333334
2087,2557,492,89,1,43.94166666666667
2088,2544,492,89,2,44.15
2089,2591,492,89,2,44.275
2090,2564,492,89,2,44.56666666666667
2091,2548,492,89,2,45.083333333333336
2092,2562,492,89,1,45.80833333333333
2093,2543,492,89,2,46.9
2094,2570,492,89,2,51.03333333333333
2095,2545,492,89,2,51.325
2096,2574,492,89,2,52.18333333333333
2097,2607,504,95,1,26.358333333333334
2098,2651,504,95,1,26.708333333333332
2099,2610,504,95,1,26.933333333333334
2100,2614,504,95,2,27.258333333333333
2101,2629,504,95,1,27.508333333333333
2102,2617,504,95,1,27.575
2103,2609,504,95,1,27.9
2104,2555,492,89,2,58.28333333333333
2105,2643,504,95,1,28.3
2106,2627,504,95,1,28.741666666666667
2107,2566,492,89,1,60.233333333333334
2108,2635,504,95,1,30.983333333333334
2109,2633,504,95,2,31.166666666666668
2110,2613,504,95,1,31.408333333333335
2111,2645,504,95,1,31.508333333333333
2112,2648,504,95,2,31.608333333333334
2113,2616,504,95,1,31.65
2114,2636,504,95,1,31.833333333333332
2115,2626,504,95,1,31.833333333333332
2116,2632,504,95,1,32.2
2117,2628,504,95,1,32.266666666666666
2118,2618,504,95,2,32.858333333333334
2119,2608,504,95,2,33.05833333333333
2120,2624,504,95,1,34.708333333333336
2121,2631,504,95,2,34.75
2122,2637,504,95,1,35.391666666666666
2123,2639,504,95,1,35.55
2124,2649,504,95,2,35.675
2125,2647,504,95,1,35.85
2126,2625,504,95,2,36.175
2127,2606,504,95,2,36.2
2128,2642,504,95,2,36.94166666666667
2129,2620,504,95,2,37.03333333333333
2130,2650,504,95,2,37.358333333333334
2131,2604,504,95,2,38.358333333333334
2132,2638,504,95,2,41.0
2133,2623,504,95,1,41.43333333333333
2134,2653,504,95,2,41.983333333333334
2135,2621,504,95,2,42.63333333333333
2136,2646,504,95,2,43.50833333333333
2137,2605,504,95,1,44.15833333333333
2138,2611,504,95,2,44.575
2139,2619,504,95,1,44.84166666666667
2140,2622,504,95,2,44.975
2141,2644,504,95,2,45.25
2142,2641,504,95,2,45.55
2143,2640,504,95,2,45.625
2144,2630,504,95,1,49.65
2145,2615,504,95,2,49.95
2146,2708,516,92,1,23.85
2147,2686,516,92,1,25.25
2148,2710,516,92,1,25.841666666666665
2149,2690,516,92,1,26.783333333333335
2150,2679,516,92,1,27.766666666666666
2151,2704,516,92,2,28.358333333333334
2152,2681,516,92,2,28.591666666666665
2153,2668,516,92,2,28.691666666666666
2154,2612,504,95,2,60.291666666666664
2155,2685,516,92,1,30.491666666666667
2156,2691,516,92,1,31.433333333333334
2157,2715,516,92,1,31.95
2158,2703,516,92,2,32.09166666666667
2159,2706,516,92,1,32.275
2160,2673,516,92,1,32.46666666666667
2161,2713,516,92,2,32.50833333333333
2162,2674,516,92,1,32.608333333333334
2163,2634,504,95,2,62.75
2164,2702,516,92,2,32.80833333333333
2165,2672,516,92,2,33.516666666666666
2166,2699,516,92,2,33.74166666666667
2167,2696,516,92,2,33.925
2168,2709,516,92,1,33.96666666666667
2169,2652,504,95,2,64.78333333333333
2170,2700,516,92,2,34.983333333333334
2171,2692,516,92,2,35.30833333333333
2172,2701,516,92,2,35.333333333333336
2173,2694,516,92,2,35.65833333333333
2174,2680,516,92,2,35.75
2175,2698,516,92,1,35.833333333333336
2176,2676,516,92,1,36.0
2177,2589,492,89,2,96.3
2178,2669,516,92,2,37.375
2179,2693,516,92,2,37.416666666666664
2180,2670,516,92,2,37.6
2181,2683,516,92,2,38.233333333333334
2182,2707,516,92,2,38.36666666666667
2183,2678,516,92,2,38.44166666666667
2184,2705,516,92,2,38.916666666666664
2185,2714,516,92,2,42.225
2186,2684,516,92,1,46.95
2187,2695,516,92,1,47.525
2188,2682,516,92,2,51.075
2189,2666,516,92,2,51.24166666666667
2190,2675,516,92,2,52.09166666666667
2191,2677,516,92,2,52.516666666666666
2192,2711,516,92,1,53.56666666666667
2193,2754,528,95,2,24.533333333333335
2194,2747,528,95,2,24.858333333333334
2195,2760,528,95,1,26.166666666666668
2196,2769,528,95,1,26.291666666666668
2197,2667,516,92,1,56.69166666666667
2198,2777,528,95,1,26.758333333333333
2199,2687,516,92,2,57.81666666666667
2200,2728,528,95,2,29.525
2201,2759,528,95,1,29.75
2202,2766,528,95,1,29.858333333333334
2203,2772,528,95,1,29.858333333333334
2204,2748,528,95,1,30.025
2205,2767,528,95,1,31.016666666666666
2206,2763,528,95,2,31.091666666666665
2207,2764,528,95,1,31.366666666666667
2208,2689,516,92,2,61.458333333333336
2209,2743,528,95,1,31.758333333333333
2210,2697,516,92,2,61.875
2211,2776,528,95,2,32.025
2212,2762,528,95,1,32.31666666666667
2213,2742,528,95,1,32.708333333333336
2214,2738,528,95,2,32.725
2215,2741,528,95,2,33.108333333333334
2216,2752,528,95,1,33.30833333333333
2217,2773,528,95,1,34.25
2218,2775,528,95,1,34.34166666666667
2219,2735,528,95,1,34.625
2220,2746,528,95,2,34.63333333333333
2221,2771,528,95,2,35.608333333333334
2222,2758,528,95,2,35.675
2223,2755,528,95,1,35.858333333333334
2224,2770,528,95,1,36.34166666666667
2225,2761,528,95,1,37.525
2226,2737,528,95,1,38.13333333333333
2227,2765,528,95,2,39.00833333333333
2228,2753,528,95,2,39.75
2229,2712,516,92,2,70.05833333333334
2230,2729,528,95,2,40.43333333333333
2231,2731,528,95,2,40.608333333333334
2232,2768,528,95,2,41.11666666666667
2233,2688,516,92,2,71.175
2234,2740,528,95,2,41.225
2235,2732,528,95,2,41.44166666666667
2236,2671,516,92,1,71.60833333333333
2237,2756,528,95,2,41.975
2238,2734,528,95,2,42.00833333333333
2239,2745,528,95,1,43.05833333333333
2240,2774,528,95,2,43.38333333333333
2241,2744,528,95,2,43.74166666666667
2242,2750,528,95,1,44.18333333333333
2243,2730,528,95,2,44.31666666666667
2244,2751,528,95,2,47.125
2245,2749,528,95,2,51.425
2246,2739,528,95,1,53.666666666666664
2247,2834,540,95,2,23.683333333333334
2248,2832,540,95,1,24.25
2249,2812,540,95,1,25.475
2250,2733,528,95,2,55.84166666666667
2251,2817,540,95,1,26.883333333333333
2252,2818,540,95,1,27.658333333333335
2253,2810,540,95,2,28.275
2254,2802,540,95,1,28.341666666666665
2255,2822,540,95,1,28.541666666666668
2256,2757,528,95,2,58.56666666666667
2257,2819,540,95,1,31.383333333333333
2258,2815,540,95,2,31.575
2259,2827,540,95,2,31.633333333333333
2260,2803,540,95,2,31.958333333333332
2261,2814,540,95,1,32.15
2262,2794,540,95,1,32.166666666666664
2263,2798,540,95,1,33.333333333333336
2264,2809,540,95,1,33.791666666666664
2265,2831,540,95,1,33.9
2266,2835,540,95,1,34.325
2267,2825,540,95,1,35.275
2268,2799,540,95,1,35.583333333333336
2269,2804,540,95,1,35.666666666666664
2270,2826,540,95,1,35.75
2271,2790,540,95,2,35.78333333333333
2272,2836,540,95,2,35.85
2273,2823,540,95,1,36.041666666666664
2274,2820,540,95,2,36.40833333333333
2275,2801,540,95,1,38.358333333333334
2276,2833,540,95,2,38.53333333333333
2277,2808,540,95,2,39.025
2278,2795,540,95,1,39.09166666666667
2279,2813,540,95,1,40.74166666666667
2280,2821,540,95,2,41.291666666666664
2281,2839,540,95,1,41.975
2282,2807,540,95,1,42.2
2283,2792,540,95,1,42.34166666666667
2284,2796,540,95,1,42.56666666666667
2285,2838,540,95,1,42.78333333333333
2286,2830,540,95,2,44.05833333333333
2287,2828,540,95,2,44.325
2288,2837,540,95,2,44.541666666666664
2289,2736,528,95,2,77.03333333333333
2290,2816,540,95,2,47.24166666666667
2291,2806,540,95,2,47.483333333333334
2292,2824,540,95,1,47.708333333333336
2293,2800,540,95,1,48.1
2294,2829,540,95,1,49.25
2295,2793,540,95,2,50.391666666666666
2296,2856,552,92,1,25.458333333333332
2297,2878,552,92,2,26.033333333333335
2298,2886,552,92,1,26.258333333333333
2299,2901,552,92,1,26.316666666666666
2300,2877,552,92,1,26.408333333333335
2301,2791,540,95,2,56.86666666666667
2302,2885,552,92,1,27.483333333333334
2303,2883,552,92,1,28.216666666666665
2304,2899,552,92,2,28.291666666666668
2305,2884,552,92,1,28.508333333333333
2306,2853,552,92,1,29.158333333333335
2307,2879,552,92,2,29.791666666666668
2308,2880,552,92,1,29.8
2309,2860,552,92,1,30.091666666666665
2310,2866,552,92,1,30.341666666666665
2311,2868,552,92,1,30.608333333333334
2312,2811,540,95,2,60.61666666666667
2313,2867,552,92,1,30.658333333333335
2314,2805,540,95,2,60.81666666666667
2315,2854,552,92,1,31.141666666666666
2316,2875,552,92,1,31.583333333333332
2317,2890,552,92,2,31.741666666666667
2318,2857,552,92,1,31.991666666666667
2319,2887,552,92,1,32.13333333333333
2320,2872,552,92,2,32.43333333333333
2321,2894,552,92,2,32.85
2322,2896,552,92,2,34.4
2323,2852,552,92,2,35.28333333333333
2324,2861,552,92,1,35.3
2325,2864,552,92,2,35.333333333333336
2326,2900,552,92,2,36.425
2327,2892,552,92,1,37.858333333333334
2328,2855,552,92,1,38.15833333333333
2329,2858,552,92,2,38.24166666666667
2330,2888,552,92,1,38.35
2331,2897,552,92,2,38.45
2332,2873,552,92,2,38.7
2333,2862,552,92,1,39.825
2334,2871,552,92,2,40.18333333333333
2335,2874,552,92,2,41.7
2336,2870,552,92,1,42.15833333333333
2337,2895,552,92,2,43.125
2338,2893,552,92,1,43.19166666666667
2339,2882,552,92,2,43.28333333333333
2340,2859,552,92,2,45.11666666666667
2341,2891,552,92,1,45.825
2342,2865,552,92,2,45.88333333333333
2343,2881,552,92,2,46.108333333333334
2344,2898,552,92,1,47.8
2345,2944,564,90,1,22.066666666666666
2346,2954,564,90,1,23.933333333333334
2347,2956,564,90,1,24.408333333333335
2348,2946,564,90,1,25.308333333333334
2349,2928,564,90,1,25.333333333333332
2350,2959,564,90,1,25.683333333333334
2351,2869,552,92,2,56.025
2352,2876,552,92,1,56.6
2353,2917,564,90,1,27.541666666666668
2354,2914,564,90,2,28.341666666666665
2355,2863,552,92,2,59.09166666666667
2356,2958,564,90,1,29.15
2357,2927,564,90,1,29.458333333333332
2358,2961,564,90,1,29.708333333333332
2359,2797,540,95,2,89.94166666666666
2360,2957,564,90,1,31.091666666666665
2361,2963,564,90,2,31.15
2362,2943,564,90,1,31.333333333333332
2363,2937,564,90,1,31.725
2364,2947,564,90,2,32.541666666666664
2365,2919,564,90,1,32.84166666666667
2366,2916,564,90,2,33.083333333333336
2367,2951,564,90,2,33.65
2368,2955,564,90,2,33.94166666666667
2369,2925,564,90,1,33.99166666666667
2370,2945,564,90,2,35.166666666666664
2371,2926,564,90,2,35.475
2372,2920,564,90,1,35.65833333333333
2373,2934,564,90,2,37.1
2374,2950,564,90,2,37.19166666666667
2375,2918,564,90,1,37.225
2376,2939,564,90,2,37.541666666666664
2377,2933,564,90,1,38.50833333333333
2378,2949,564,90,2,38.69166666666667
2379,2935,564,90,1,39.075
2380,2938,564,90,2,39.2
2381,2960,564,90,1,39.75833333333333
2382,2932,564,90,1,40.075
2383,2962,564,90,1,40.766666666666666
2384,2889,552,92,2,71.025
2385,2921,564,90,2,41.61666666666667
2386,2924,564,90,2,41.86666666666667
2387,2941,564,90,1,43.6
2388,2929,564,90,2,43.641666666666666
2389,2952,564,90,2,44.608333333333334
2390,2942,564,90,1,45.233333333333334
2391,2948,564,90,2,45.36666666666667
2392,2915,564,90,1,46.041666666666664
2393,2953,564,90,1,46.49166666666667
2394,2936,564,90,1,48.56666666666667
2395,2930,564,90,2,51.90833333333333
2396,2923,564,90,1,55.05833333333333
2397,2986,576,89,1,25.733333333333334
2398,3001,576,89,1,27.558333333333334
2399,2922,564,90,2,57.90833333333333
2400,3014,576,89,2,27.983333333333334
2401,3009,576,89,2,28.208333333333332
2402,2977,576,89,2,28.283333333333335
2403,3008,576,89,2,28.583333333333332
2404,3000,576,89,2,29.616666666666667
2405,2989,576,89,1,29.675
2406,2996,576,89,1,29.8
2407,3013,576,89,2,29.991666666666667
2408,3022,576,89,1,30.175
2409,2931,564,90,2,60.6
2410,2987,576,89,2,30.625
2411,3004,576,89,2,31.0
2412,3012,576,89,2,31.191666666666666
2413,2997,576,89,1,31.258333333333333
2414,3005,576,89,2,31.558333333333334
2415,2990,576,89,2,31.591666666666665
2416,3023,576,89,1,31.733333333333334
2417,2976,576,89,1,32.8
2418,3011,576,89,2,33.583333333333336
2419,3020,576,89,1,33.858333333333334
2420,2981,576,89,1,34.7
2421,2994,576,89,1,35.958333333333336
2422,2988,576,89,1,35.975
2423,3015,576,89,1,36.4
2424,3010,576,89,2,36.63333333333333
2425,2978,576,89,1,37.25833333333333
2426,3007,576,89,1,37.825
2427,2940,564,90,1,68.30833333333334
2428,3018,576,89,1,38.608333333333334
2429,2995,576,89,2,39.016666666666666
2430,2979,576,89,1,39.25
2431,2982,576,89,2,39.325
2432,2999,576,89,1,39.483333333333334
2433,3017,576,89,2,39.93333333333333
2434,2991,576,89,1,43.69166666666667
2435,3024,576,89,2,43.875
2436,3002,576,89,2,44.083333333333336
2437,3016,576,89,1,44.11666666666667
2438,2992,576,89,2,44.28333333333333
2439,2998,576,89,2,47.208333333333336
2440,2993,576,89,2,48.733333333333334
2441,3021,576,89,1,49.11666666666667
2442,3019,576,89,1,49.483333333333334
2443,3025,576,89,2,50.59166666666667
2444,3006,576,89,2,52.291666666666664
2445,3040,588,91,1,23.558333333333334
2446,3003,576,89,1,55.4
2447,2984,576,89,2,55.95
2448,3061,588,91,1,26.508333333333333
2449,3084,588,91,1,26.675
2450,3083,588,91,2,26.9
2451,3044,588,91,2,28.016666666666666
2452,3065,588,91,2,29.083333333333332
2453,3067,588,91,1,29.183333333333334
2454,3055,588,91,1,29.308333333333334
2455,3078,588,91,1,29.525
2456,3081,588,91,1,29.558333333333334
2457,3069,588,91,2,29.558333333333334
2458,3063,588,91,2,30.158333333333335
2459,3080,588,91,1,30.441666666666666
2460,3075,588,91,2,30.866666666666667
2461,3038,588,91,1,31.608333333333334
2462,3039,588,91,1,31.858333333333334
2463,3077,588,91,1,32.00833333333333
2464,3053,588,91,1,32.016666666666666
2465,3085,588,91,2,32.65833333333333
2466,3073,588,91,2,32.916666666666664
2467,3062,588,91,1,33.1
2468,3042,588,91,2,33.175
2469,3079,588,91,2,33.5
2470,3052,588,91,1,33.791666666666664
2471,3087,588,91,1,33.833333333333336
2472,3041,588,91,1,34.06666666666667
2473,3047,588,91,1,34.416666666666664
2474,3045,588,91,2,35.65
2475,3086,588,91,1,35.78333333333333
2476,3071,588,91,1,36.766666666666666
2477,3059,588,91,1,37.05
2478,3060,588,91,2,37.80833333333333
2479,3066,588,91,1,37.80833333333333
2480,3074,588,91,1,38.016666666666666
2481,3048,588,91,1,38.3
2482,3050,588,91,2,38.858333333333334
2483,2983,576,89,2,69.84166666666667
2484,3056,588,91,1,40.083333333333336
2485,3072,588,91,1,40.333333333333336
2486,3051,588,91,2,40.38333333333333
2487,2980,576,89,2,72.5
2488,3058,588,91,2,44.4
2489,3076,588,91,2,44.40833333333333
2490,3043,588,91,2,47.358333333333334
2491,3046,588,91,1,47.875
2492,3057,588,91,1,49.016666666666666
2493,3064,588,91,2,49.18333333333333
2494,3068,588,91,2,50.391666666666666
2495,3070,588,91,1,51.925
2496,3103,600,91,1,23.983333333333334
2497,2985,576,89,2,84.1
2498,3109,600,91,1,24.975
2499,3141,600,91,1,26.65
2500,3105,600,91,1,26.75
2501,3137,600,91,1,27.533333333333335
2502,3134,600,91,2,28.05
2503,3122,600,91,2,28.141666666666666
2504,3131,600,91,1,29.008333333333333
2505,3149,600,91,2,29.4
2506,3133,600,91,1,30.083333333333332
2507,3100,600,91,2,30.75
2508,3139,600,91,2,30.783333333333335
2509,3143,600,91,1,30.866666666666667
2510,3129,600,91,2,31.916666666666668
2511,3128,600,91,2,32.075
2512,3118,600,91,2,32.141666666666666
2513,3049,588,91,2,62.266666666666666
2514,3121,600,91,1,32.325
2515,3116,600,91,1,33.975
2516,3110,600,91,1,34.45
2517,3114,600,91,2,35.99166666666667
2518,3119,600,91,2,36.016666666666666
2519,3101,600,91,2,36.2
2520,3112,600,91,2,36.31666666666667
2521,3124,600,91,2,36.65833333333333
2522,3120,600,91,2,37.38333333333333
2523,3104,600,91,2,37.766666666666666
2524,3130,600,91,2,38.333333333333336
2525,3108,600,91,1,38.708333333333336
2526,3126,600,91,1,39.71666666666667
2527,3136,600,91,2,40.56666666666667
2528,3107,600,91,2,40.78333333333333
2529,3102,600,91,1,41.19166666666667
2530,3123,600,91,1,41.53333333333333
2531,3147,600,91,1,41.75833333333333
2532,3140,600,91,2,41.78333333333333
2533,3146,600,91,2,42.416666666666664
2534,3142,600,91,2,42.516666666666666
2535,3144,600,91,2,43.35
2536,3148,600,91,2,43.666666666666664
2537,3138,600,91,1,44.916666666666664
2538,3125,600,91,1,45.5
2539,3054,588,91,2,76.74166666666666
2540,3082,588,91,1,76.76666666666667
2541,3132,600,91,2,48.791666666666664
2542,3117,600,91,2,49.36666666666667
2543,3111,600,91,2,50.416666666666664
2544,3135,600,91,2,50.69166666666667
2545,3106,600,91,2,51.19166666666667
2546,3179,612,93,1,23.791666666666668
2547,3176,612,93,1,24.816666666666666
2548,3163,612,93,1,25.4
2549,3183,612,93,1,25.858333333333334
2550,3172,612,93,1,27.441666666666666
2551,3127,600,91,1,58.15
2552,3202,612,93,1,28.291666666666668
2553,3205,612,93,1,28.733333333333334
2554,3198,612,93,1,28.775
2555,3197,612,93,1,29.241666666666667
2556,3170,612,93,2,29.558333333333334
2557,3190,612,93,1,29.883333333333333
2558,3115,600,91,1,59.958333333333336
2559,3167,612,93,1,30.566666666666666
2560,3199,612,93,2,31.416666666666668
2561,3171,612,93,1,31.7
2562,3145,600,91,2,61.74166666666667
2563,3188,612,93,2,31.8
2564,3189,612,93,1,31.875
2565,3181,612,93,2,32.56666666666667
2566,3191,612,93,2,32.858333333333334
2567,3206,612,93,1,33.708333333333336
2568,3203,612,93,1,34.03333333333333
2569,3210,612,93,1,34.36666666666667
2570,3169,612,93,2,34.88333333333333
2571,3180,612,93,2,35.19166666666667
2572,3165,612,93,1,35.233333333333334
2573,3187,612,93,1,35.6
2574,3174,612,93,2,36.833333333333336
2575,3168,612,93,2,36.9
2576,3195,612,93,1,37.24166666666667
2577,3185,612,93,2,38.333333333333336
2578,3162,612,93,2,39.36666666666667
2579,3192,612,93,1,40.175
2580,3200,612,93,2,41.025
2581,3194,612,93,1,41.391666666666666
2582,3166,612,93,1,43.325
2583,3204,612,93,2,43.391666666666666
2584,3211,612,93,2,43.416666666666664
2585,3193,612,93,2,43.43333333333333
2586,3177,612,93,1,43.458333333333336
2587,3208,612,93,1,43.53333333333333
2588,3175,612,93,2,43.56666666666667
2589,3207,612,93,1,43.78333333333333
2590,3182,612,93,2,43.958333333333336
2591,3164,612,93,1,44.833333333333336
2592,3173,612,93,1,45.016666666666666
2593,3186,612,93,2,45.575
2594,3184,612,93,2,46.725
2595,3178,612,93,2,49.6
2596,3209,612,93,1,54.025
2597,3236,624,90,2,24.441666666666666
2598,3196,612,93,1,55.88333333333333
2599,3244,624,90,1,25.891666666666666
2600,3113,600,91,1,86.49166666666666
2601,3256,624,90,1,26.591666666666665
2602,3242,624,90,1,27.333333333333332
2603,3227,624,90,1,27.875
2604,3258,624,90,1,27.908333333333335
2605,3226,624,90,1,28.25
2606,3262,624,90,2,28.75
2607,3272,624,90,1,28.991666666666667
2608,3201,612,93,2,59.575
2609,3257,624,90,1,29.7
2610,3269,624,90,1,30.308333333333334
2611,3234,624,90,1,30.483333333333334
2612,3232,624,90,1,30.625
2613,3268,624,90,1,30.8
2614,3245,624,90,2,31.025
2615,3251,624,90,2,31.058333333333334
2616,3271,624,90,2,31.233333333333334
2617,3248,624,90,1,32.233333333333334
2618,3243,624,90,1,32.4
2619,3249,624,90,1,32.891666666666666
2620,3246,624,90,2,33.38333333333333
2621,3253,624,90,1,34.025
2622,3229,624,90,2,34.791666666666664
2623,3255,624,90,1,35.175
2624,3247,624,90,1,35.233333333333334
2625,3252,624,90,2,35.7
2626,3267,624,90,2,35.791666666666664
2627,3266,624,90,2,36.06666666666667
2628,3254,624,90,1,36.11666666666667
2629,3233,624,90,2,36.18333333333333
2630,3235,624,90,2,36.50833333333333
2631,3238,624,90,2,36.88333333333333
2632,3264,624,90,1,36.99166666666667
2633,3241,624,90,1,37.291666666666664
2634,3263,624,90,1,37.708333333333336
2635,3224,624,90,1,38.108333333333334
2636,3259,624,90,1,38.8
2637,3231,624,90,2,40.516666666666666
2638,3250,624,90,2,43.56666666666667
2639,3270,624,90,1,43.625
2640,3261,624,90,2,44.06666666666667
2641,3237,624,90,2,44.9
2642,3225,624,90,1,46.1
2643,3260,624,90,1,46.95
2644,3230,624,90,2,47.6
2645,3240,624,90,2,52.84166666666667
2646,3228,624,90,2,53.041666666666664
2647,3313,636,89,1,23.725
2648,3273,624,90,1,54.766666666666666
2649,3300,636,89,2,24.816666666666666
2650,3303,636,89,2,26.275
2651,3308,636,89,2,26.783333333333335
2652,3306,636,89,1,27.258333333333333
2653,3310,636,89,1,27.35
2654,3334,636,89,1,27.591666666666665
2655,3311,636,89,1,27.608333333333334
2656,3299,636,89,1,29.541666666666668
2657,3309,636,89,1,29.566666666666666
2658,3323,636,89,1,30.366666666666667
2659,3297,636,89,2,30.958333333333332
2660,3298,636,89,1,31.241666666666667
2661,3327,636,89,1,31.4
2662,3329,636,89,2,31.541666666666668
2663,3322,636,89,2,33.233333333333334
2664,3324,636,89,1,33.525
2665,3333,636,89,1,33.708333333333336
2666,3291,636,89,1,34.125
2667,3315,636,89,2,34.38333333333333
2668,3286,636,89,1,34.75
2669,3328,636,89,1,35.8
2670,3326,636,89,1,36.24166666666667
2671,3321,636,89,2,36.49166666666667
2672,3289,636,89,2,36.65833333333333
2673,3288,636,89,1,37.583333333333336
2674,3330,636,89,1,37.78333333333333
2675,3301,636,89,2,37.88333333333333
2676,3335,636,89,2,38.516666666666666
2677,3239,624,90,1,68.64166666666667
2678,3331,636,89,2,38.94166666666667
2679,3304,636,89,1,39.35
2680,3312,636,89,2,39.50833333333333
2681,3319,636,89,2,39.63333333333333
2682,3295,636,89,1,40.125
2683,3317,636,89,2,40.483333333333334
2684,3325,636,89,1,40.50833333333333
2685,3292,636,89,2,40.6
2686,3302,636,89,2,40.96666666666667
2687,3320,636,89,2,42.05833333333333
2688,3290,636,89,2,42.25
2689,3305,636,89,2,42.391666666666666
2690,3332,636,89,2,42.49166666666667
2691,3265,624,90,1,73.00833333333334
2692,3307,636,89,2,43.56666666666667
2693,3314,636,89,1,44.291666666666664
2694,3293,636,89,2,44.725
2695,3296,636,89,2,45.03333333333333
2696,3316,636,89,2,47.725
2697,3318,636,89,2,48.108333333333334
2698,3294,636,89,1,51.21666666666667
2699,3385,648,91,1,25.183333333333334
2700,3287,636,89,2,55.233333333333334
2701,3356,648,91,1,26.783333333333335
2702,3361,648,91,1,27.533333333333335
2703,3380,648,91,1,27.733333333333334
2704,3359,648,91,2,28.133333333333333
2705,3370,648,91,1,28.358333333333334
2706,3369,648,91,1,28.875
2707,3365,648,91,2,29.216666666666665
2708,3383,648,91,2,29.4
2709,3394,648,91,1,29.883333333333333
2710,3386,648,91,1,30.05
2711,3393,648,91,2,30.8
2712,3363,648,91,1,31.175
2713,3397,648,91,1,31.216666666666665
2714,3352,648,91,1,31.783333333333335
2715,3384,648,91,2,32.28333333333333
2716,3377,648,91,2,32.44166666666667
2717,3358,648,91,1,32.666666666666664
2718,3360,648,91,2,33.13333333333333
2719,3378,648,91,2,33.43333333333333
2720,3373,648,91,1,33.49166666666667
2721,3353,648,91,1,34.016666666666666
2722,3355,648,91,1,34.233333333333334
2723,3362,648,91,2,35.38333333333333
2724,3372,648,91,2,35.625
2725,3387,648,91,1,35.99166666666667
2726,3388,648,91,1,36.275
2727,3357,648,91,2,36.71666666666667
2728,3396,648,91,1,37.166666666666664
2729,3376,648,91,2,37.641666666666666
2730,3367,648,91,2,38.36666666666667
2731,3349,648,91,2,38.86666666666667
2732,3395,648,91,2,39.225
2733,3366,648,91,2,40.833333333333336
2734,3351,648,91,2,41.45
2735,3381,648,91,1,41.75
2736,3371,648,91,1,43.00833333333333
2737,3379,648,91,2,43.15
2738,3382,648,91,2,44.041666666666664
2739,3350,648,91,1,44.858333333333334
2740,3354,648,91,1,45.025
2741,3348,648,91,2,46.675
2742,3374,648,91,1,47.425
2743,3375,648,91,2,47.833333333333336
2744,3390,648,91,1,48.083333333333336
2745,3364,648,91,2,48.36666666666667
2746,3392,648,91,2,49.083333333333336
2747,3391,648,91,2,49.78333333333333
2748,3368,648,91,2,54.13333333333333
2749,3415,660,89,1,25.016666666666666
2750,3443,660,89,1,25.15
2751,3420,660,89,2,26.766666666666666
2752,3439,660,89,2,28.241666666666667
2753,3421,660,89,1,28.766666666666666
2754,3440,660,89,1,28.8
2755,3458,660,89,1,28.875
2756,3459,660,89,1,28.883333333333333
2757,3445,660,89,1,29.225
2758,3389,648,91,1,59.59166666666667
2759,3432,660,89,1,30.925
2760,3451,660,89,1,31.633333333333333
2761,3417,660,89,2,32.05
2762,3434,660,89,1,32.475
2763,3426,660,89,1,33.1
2764,3422,660,89,1,33.75
2765,3455,660,89,2,34.15833333333333
2766,3416,660,89,1,34.525
2767,3428,660,89,2,34.65
2768,3411,660,89,1,34.958333333333336
2769,3433,660,89,1,35.041666666666664
2770,3436,660,89,2,35.516666666666666
2771,3413,660,89,2,35.775
2772,3414,660,89,1,36.18333333333333
2773,3435,660,89,1,36.25
2774,3425,660,89,2,36.625
2775,3453,660,89,2,36.891666666666666
2776,3410,660,89,2,37.875
2777,3456,660,89,1,38.38333333333333
2778,3423,660,89,1,41.0
2779,3424,660,89,1,41.44166666666667
2780,3429,660,89,1,41.75
2781,3427,660,89,2,42.78333333333333
2782,3412,660,89,2,43.083333333333336
2783,3448,660,89,1,43.25833333333333
2784,3437,660,89,2,43.925
2785,3449,660,89,2,44.108333333333334
2786,3441,660,89,2,44.21666666666667
2787,3430,660,89,2,45.34166666666667
2788,3418,660,89,1,46.166666666666664
2789,3419,660,89,2,47.65
2790,3452,660,89,1,48.03333333333333
2791,3457,660,89,2,50.25
2792,3431,660,89,1,50.416666666666664
2793,3446,660,89,1,53.858333333333334
2794,3447,660,89,2,53.9
2795,3450,660,89,1,55.391666666666666
2796,3499,672,90,2,25.533333333333335
2797,3444,660,89,2,56.15
2798,3501,672,90,1,26.825
2799,3485,672,90,1,27.208333333333332
2800,3511,672,90,1,28.141666666666666
2801,3472,672,90,2,29.333333333333332
2802,3438,660,89,2,59.93333333333333
2803,3454,660,89,2,59.94166666666667
2804,3491,672,90,1,30.083333333333332
2805,3484,672,90,2,30.375
2806,3489,672,90,2,30.691666666666666
2807,3495,672,90,1,32.125
2808,3515,672,90,2,32.44166666666667
2809,3492,672,90,2,32.63333333333333
2810,3509,672,90,1,33.141666666666666
2811,3490,672,90,1,33.40833333333333
2812,3520,672,90,1,34.65833333333333
2813,3518,672,90,1,35.30833333333333
2814,3516,672,90,2,35.541666666666664
2815,3493,672,90,2,35.7
2816,3479,672,90,1,36.075
2817,3513,672,90,2,36.225
2818,3473,672,90,1,36.266666666666666
2819,3486,672,90,2,36.375
2820,3496,672,90,1,36.833333333333336
2821,3506,672,90,1,37.05833333333333
2822,3504,672,90,2,37.358333333333334
2823,3475,672,90,1,37.891666666666666
2824,3442,660,89,2,68.01666666666667
2825,3474,672,90,2,38.03333333333333
2826,3507,672,90,2,38.31666666666667
2827,3482,672,90,2,38.80833333333333
2828,3519,672,90,2,39.18333333333333
2829,3497,672,90,2,40.5
2830,3510,672,90,1,40.791666666666664
2831,3478,672,90,1,41.166666666666664
2832,3481,672,90,2,41.541666666666664
2833,3477,672,90,2,42.43333333333333
2834,3508,672,90,2,42.9
2835,3480,672,90,2,43.983333333333334
2836,3483,672,90,1,47.09166666666667
2837,3502,672,90,1,47.766666666666666
2838,3505,672,90,1,49.05
2839,3517,672,90,1,50.03333333333333
2840,3512,672,90,1,50.266666666666666
2841,3537,684,95,1,23.258333333333333
2842,3557,684,95,2,23.691666666666666
2843,3570,684,95,1,25.025
2844,3579,684,95,1,25.241666666666667
2845,3552,684,95,1,25.558333333333334
2846,3521,672,90,2,56.141666666666666
2847,3583,684,95,1,26.391666666666666
2848,3488,672,90,2,56.625
2849,3574,684,95,2,26.65
2850,3544,684,95,2,26.883333333333333
2851,3476,672,90,1,57.93333333333333
2852,3561,684,95,2,27.966666666666665
2853,3563,684,95,1,28.058333333333334
2854,3572,684,95,1,28.2
2855,3549,684,95,1,28.275
2856,3578,684,95,2,29.291666666666668
2857,3581,684,95,1,29.666666666666668
2858,3556,684,95,1,30.383333333333333
2859,3534,684,95,1,30.75
2860,3536,684,95,1,31.316666666666666
2861,3571,684,95,2,31.558333333333334
2862,3542,684,95,2,31.641666666666666
2863,3500,672,90,1,61.958333333333336
2864,3576,684,95,1,32.1
2865,3551,684,95,1,32.791666666666664
2866,3580,684,95,2,32.94166666666667
2867,3548,684,95,2,33.55
2868,3554,684,95,1,33.675
2869,3573,684,95,1,34.541666666666664
2870,3535,684,95,2,34.775
2871,3498,672,90,2,65.14166666666667
2872,3547,684,95,2,35.5
2873,3553,684,95,1,35.675
2874,3503,672,90,1,66.23333333333333
2875,3559,684,95,1,36.75833333333333
2876,3558,684,95,1,37.333333333333336
2877,3582,684,95,2,37.5
2878,3568,684,95,1,38.141666666666666
2879,3567,684,95,2,39.36666666666667
2880,3494,672,90,2,69.71666666666667
2881,3514,672,90,2,69.9
2882,3555,684,95,2,39.96666666666667
2883,3545,684,95,2,40.30833333333333
2884,3538,684,95,2,40.45
2885,3564,684,95,2,40.516666666666666
2886,3546,684,95,2,40.53333333333333
2887,3487,672,90,2,72.44166666666666
2888,3540,684,95,2,42.975
2889,3541,684,95,2,43.09166666666667
2890,3562,684,95,2,44.175
2891,3543,684,95,1,44.96666666666667
2892,3550,684,95,2,45.49166666666667
2893,3566,684,95,2,46.34166666666667
2894,3560,684,95,2,48.975
2895,3565,684,95,1,49.2
2896,3625,696,91,1,21.825
2897,3539,684,95,2,54.69166666666667
2898,3618,696,91,1,25.616666666666667
2899,3577,684,95,2,55.68333333333333
2900,3629,696,91,2,26.291666666666668
2901,3569,684,95,2,56.3
2902,3601,696,91,1,26.375
2903,3613,696,91,1,26.516666666666666
2904,3622,696,91,1,28.066666666666666
2905,3630,696,91,2,28.1
2906,3631,696,91,1,28.225
2907,3623,696,91,2,28.225
2908,3640,696,91,1,28.541666666666668
2909,3619,696,91,2,29.233333333333334
2910,3604,696,91,1,29.541666666666668
2911,3608,696,91,2,29.775
2912,3603,696,91,1,30.641666666666666
2913,3642,696,91,1,30.85
2914,3626,696,91,2,31.741666666666667
2915,3633,696,91,1,31.9
2916,3596,696,91,2,32.708333333333336
2917,3602,696,91,2,32.71666666666667
2918,3606,696,91,1,32.80833333333333
2919,3644,696,91,2,33.608333333333334
2920,3639,696,91,2,34.35
2921,3599,696,91,1,34.49166666666667
2922,3637,696,91,1,34.63333333333333
2923,3638,696,91,2,35.00833333333333
2924,3624,696,91,2,35.358333333333334
2925,3635,696,91,2,35.7
2926,3611,696,91,1,35.733333333333334
2927,3620,696,91,1,35.958333333333336
2928,3607,696,91,1,36.03333333333333
2929,3636,696,91,2,36.4
2930,3615,696,91,1,36.525
2931,3632,696,91,1,37.483333333333334
2932,3627,696,91,1,37.75
2933,3616,696,91,2,37.958333333333336
2934,3597,696,91,2,38.175
2935,3634,696,91,1,38.666666666666664
2936,3614,696,91,1,39.2
2937,3575,684,95,1,69.55
2938,3605,696,91,2,39.86666666666667
2939,3643,696,91,2,40.041666666666664
2940,3612,696,91,2,41.93333333333333
2941,3610,696,91,2,43.108333333333334
2942,3641,696,91,2,46.06666666666667
2943,3609,696,91,2,47.56666666666667
2944,3598,696,91,1,47.6
2945,3645,696,91,1,49.475
2946,3617,696,91,2,50.725
2947,3621,696,91,1,51.55833333333333
2948,3693,708,87,1,21.733333333333334
2949,3628,696,91,2,52.78333333333333
2950,3600,696,91,1,53.75833333333333
2951,3686,708,87,1,25.733333333333334
2952,3707,708,87,2,26.633333333333333
2953,3703,708,87,2,27.0
2954,3677,708,87,2,27.0
2955,3706,708,87,1,27.433333333333334
2956,3700,708,87,2,28.375
2957,3701,708,87,1,28.791666666666668
2958,3702,708,87,2,30.116666666666667
2959,3667,708,87,1,31.341666666666665
2960,3673,708,87,1,31.391666666666666
2961,3699,708,87,2,31.6
