0,(patch 33 0),(patch 66 0),0.05253819594527413,0,1791
6,(patch 64 0),(patch 0 63),0.06426122991563614,0,2022
9,(patch 37 0),(patch 99 37),0.044817220108116666,0,2173
2,(patch 39 0),(patch 99 61),0.0558163225047625,0,2266
1,(patch 61 99),(patch 62 0),0.04215008402767464,0,2362
4,(patch 63 0),(patch 39 0),0.03942441939780616,0,2492
7,(patch 99 35),(patch 99 63),0.03242328991359133,0,3117
15,(patch 65 99),(patch 99 34),0.07537251817904483,1800,3122
8,(patch 0 61),(patch 99 62),0.028854877157134272,0,3426
5,(patch 99 66),(patch 38 99),0.02831783455406621,0,3676
18,(patch 62 0),(patch 99 60),0.05203246103325985,1800,3799
16,(patch 0 32),(patch 0 62),0.04461727011726572,1800,4078
12,(patch 61 0),(patch 34 99),0.05201171342949113,1800,4161
13,(patch 39 99),(patch 99 39),0.050028949647262205,1800,4464
17,(patch 0 39),(patch 99 61),0.04427283051771403,1800,4647
29,(patch 0 61),(patch 37 0),0.08442702679518463,3600,4780
19,(patch 0 65),(patch 99 37),0.037257303107539275,1800,5052
24,(patch 99 39),(patch 61 99),0.06587117061994989,3600,5095
25,(patch 99 34),(patch 35 99),0.059285498346123414,3600,5757
22,(patch 33 0),(patch 63 99),0.05557298328280772,3600,5905
27,(patch 37 99),(patch 65 0),0.0381812046799005,3600,6744
32,(patch 99 66),(patch 0 60),0.0680361670946188,5400,6859
20,(patch 63 0),(patch 99 60),0.03204784485849731,3600,6873
10,(patch 35 0),(patch 99 66),0.02382326573393312,1800,6977
28,(patch 99 66),(patch 34 0),0.036441024083637,3600,7050
23,(patch 65 0),(patch 38 99),0.03561116480367728,3600,7112
35,(patch 99 35),(patch 37 99),0.06179837252993827,5400,7387
21,(patch 0 33),(patch 65 99),0.03363742970402513,3600,7448
31,(patch 99 35),(patch 36 0),0.04919114298436707,5400,7492
39,(patch 99 36),(patch 38 99),0.05682032841661481,5400,7627
37,(patch 99 62),(patch 99 39),0.044985205765591604,5400,7652
34,(patch 33 99),(patch 0 32),0.042656734338656056,5400,7730
38,(patch 65 0),(patch 0 39),0.0402747433957172,5400,7987
47,(patch 99 33),(patch 99 65),0.09112106454641775,7200,8259
3,(patch 0 34),(patch 66 99),0.014730712464730159,0,8476
44,(patch 99 36),(patch 63 99),0.07385982430383883,7200,8496
45,(patch 33 0),(patch 33 99),0.06984079392586334,7200,8627
33,(patch 99 65),(patch 37 0),0.03883377434713789,5400,8724
36,(patch 0 62),(patch 66 0),0.0320231591401731,5400,9071
40,(patch 34 99),(patch 36 0),0.04671337783087766,7200,9310
41,(patch 35 0),(patch 67 99),0.05571713966840034,7200,9440
42,(patch 99 66),(patch 0 32),0.043090237812336035,7200,10138
49,(patch 99 65),(patch 39 0),0.04139884708315989,7200,10145
46,(patch 0 67),(patch 61 0),0.04017225199234505,7200,10454
50,(patch 62 99),(patch 37 99),0.06257953182102535,9000,10588
57,(patch 99 33),(patch 0 65),0.07603460792771048,9000,10592
14,(patch 37 99),(patch 99 34),0.013556372673087128,1800,10884
51,(patch 64 99),(patch 32 0),0.062403841704044935,9000,11074
54,(patch 37 0),(patch 61 99),0.05621696875583867,9000,11288
56,(patch 39 99),(patch 99 34),0.05532524627012534,9000,11308
55,(patch 67 99),(patch 35 0),0.04848383775095253,9000,11640
53,(patch 99 35),(patch 0 67),0.04617882755062108,9000,11734
58,(patch 33 99),(patch 64 99),0.034047634173892324,9000,11883
59,(patch 33 99),(patch 0 32),0.03183190371890216,9000,11979
52,(patch 99 36),(patch 32 99),0.03970730259652841,9000,12051
63,(patch 37 0),(patch 64 99),0.07593222408635954,10800,12421
26,(patch 99 39),(patch 37 99),0.013004415618533546,3600,12731
68,(patch 39 0),(patch 66 99),0.061519164765606184,10800,12769
62,(patch 99 63),(patch 0 36),0.059479545464025244,10800,12899
65,(patch 35 0),(patch 39 99),0.04633258760651262,10800,12943
61,(patch 60 99),(patch 64 0),0.047449233591784865,10800,12956
30,(patch 99 61),(patch 99 35),0.012561941694808627,5400,13021
66,(patch 38 99),(patch 65 0),0.055932153253779406,10800,13041
60,(patch 65 99),(patch 34 0),0.04916134246530804,10800,13337
43,(patch 0 39),(patch 61 99),0.02032733582131421,7200,13379
48,(patch 0 63),(patch 64 0),0.021900263902227258,7200,13526
71,(patch 35 0),(patch 0 63),0.0733310122203217,12600,13909
70,(patch 0 37),(patch 60 0),0.07413770813471703,12600,13916
77,(patch 66 0),(patch 36 0),0.07047863133527409,12600,14005
64,(patch 0 63),(patch 32 0),0.02651849062137539,10800,14405
73,(patch 0 63),(patch 39 0),0.054832876062580437,12600,14405
67,(patch 0 63),(patch 61 99),0.02838778990952616,10800,14414
78,(patch 37 0),(patch 99 38),0.0478965315105857,12600,14621
74,(patch 65 99),(patch 34 0),0.06081086460170299,12600,14768
79,(patch 33 0),(patch 99 33),0.03687720810405037,12600,15198
76,(patch 0 39),(patch 63 99),0.040176811670664406,12600,15694
88,(patch 99 37),(patch 99 64),0.07359811624164338,14400,15722
75,(patch 32 0),(patch 99 65),0.04006455230925808,12600,15881
72,(patch 66 0),(patch 39 99),0.03917953547180362,12600,15886
82,(patch 38 0),(patch 64 99),0.07309448627520974,14400,16058
89,(patch 0 39),(patch 64 0),0.05889851021437044,14400,16073
84,(patch 63 99),(patch 99 35),0.055067274196415,14400,16248
87,(patch 63 0),(patch 36 0),0.05029695459211134,14400,16293
80,(patch 61 0),(patch 0 64),0.06710957069526866,14400,16298
81,(patch 99 63),(patch 33 0),0.06200462955718581,14400,16487
85,(patch 99 37),(patch 0 62),0.04742626949647641,14400,16881
99,(patch 99 65),(patch 62 0),0.07645404837454027,16200,17550
94,(patch 99 36),(patch 0 67),0.07020386917907444,16200,18017
96,(patch 99 61),(patch 34 99),0.045248486581537566,16200,18298
93,(patch 39 99),(patch 65 0),0.05764700039399707,16200,18495
97,(patch 0 66),(patch 99 36),0.0538024416513484,16200,18527
91,(patch 61 99),(patch 34 99),0.03891871804579213,16200,18778
98,(patch 36 99),(patch 60 0),0.045792776761625666,16200,19058
83,(patch 33 99),(patch 63 0),0.02713934275629288,14400,19261
11,(patch 0 32),(patch 99 61),0.007536437935454051,1800,19356
104,(patch 0 32),(patch 62 0),0.07108761525334142,18000,19459
95,(patch 0 66),(patch 64 99),0.02925639523571631,16200,19490
92,(patch 99 65),(patch 0 61),0.02926724965761719,16200,19619
107,(patch 60 0),(patch 36 99),0.07598244344956018,18000,19629
101,(patch 99 63),(patch 38 0),0.06788211670654294,18000,19838
106,(patch 0 36),(patch 60 0),0.05205641376750635,18000,19923
108,(patch 0 66),(patch 66 99),0.05159314737323109,18000,20016
102,(patch 0 34),(patch 67 0),0.045287280147402374,18000,20107
90,(patch 0 62),(patch 64 0),0.029731237853321504,16200,20317
105,(patch 36 99),(patch 64 0),0.0477222468003494,18000,20511
109,(patch 99 36),(patch 0 61),0.043829646263988255,18000,20844
100,(patch 64 99),(patch 0 67),0.0331837308528495,18000,20927
119,(patch 99 66),(patch 99 37),0.07547753128667406,19800,20990
103,(patch 0 62),(patch 99 33),0.03796901208437153,18000,21279
117,(patch 99 63),(patch 35 0),0.07781443566634552,19800,21390
111,(patch 0 66),(patch 99 63),0.052196920423596575,19800,21695
115,(patch 63 99),(patch 99 39),0.051523670918447825,19800,21846
110,(patch 0 33),(patch 0 60),0.04122980158776871,19800,22205
113,(patch 99 38),(patch 0 63),0.05026839193461216,19800,22224
122,(patch 34 99),(patch 35 0),0.08027323033818681,21600,22833
123,(patch 36 99),(patch 99 63),0.07270028386683362,21600,22940
129,(patch 0 67),(patch 65 99),0.0654590511884153,21600,23160
114,(patch 0 67),(patch 99 34),0.03737003957477657,19800,23217
120,(patch 65 0),(patch 99 64),0.05506238143870743,21600,23296
126,(patch 34 0),(patch 99 61),0.05768203380194326,21600,23764
124,(patch 99 64),(patch 32 0),0.05870929480786432,21600,23764
121,(patch 0 63),(patch 99 67),0.04582041068096101,21600,23788
127,(patch 0 36),(patch 60 0),0.04344685445885463,21600,23819
128,(patch 0 61),(patch 99 39),0.05505103076267669,21600,23862
125,(patch 0 32),(patch 99 37),0.03220596064773291,21600,24665
139,(patch 99 36),(patch 99 66),0.06687971139679465,23400,24792
133,(patch 64 0),(patch 35 0),0.05803380512203071,23400,25021
130,(patch 0 64),(patch 35 0),0.061137672222610434,23400,25042
134,(patch 0 38),(patch 99 66),0.07106738315546916,23400,25224
135,(patch 35 0),(patch 61 99),0.06421110121644502,23400,25258
138,(patch 36 99),(patch 60 0),0.057390227377531286,23400,25622
132,(patch 99 61),(patch 0 34),0.04981313584505636,23400,25799
137,(patch 67 0),(patch 99 61),0.0403463366723297,23400,25841
116,(patch 0 62),(patch 60 0),0.02024447389542705,19800,25991
136,(patch 99 60),(patch 64 0),0.03533820452064624,23400,26161
143,(patch 0 67),(patch 0 32),0.0643187972298814,25200,26646
149,(patch 99 66),(patch 99 36),0.06403823705958374,25200,26741
145,(patch 0 36),(patch 0 63),0.056179345237193624,25200,26855
146,(patch 63 99),(patch 35 0),0.075093489608443,25200,26873
147,(patch 38 99),(patch 35 0),0.04498934137538427,25200,27402
144,(patch 99 61),(patch 37 0),0.050330137913673405,25200,27529
142,(patch 99 63),(patch 99 39),0.0361038046702015,25200,28109
153,(patch 66 0),(patch 0 37),0.06767059027315085,27000,28423
148,(patch 37 0),(patch 62 0),0.027374320218888422,25200,28481
112,(patch 0 60),(patch 65 0),0.01477037888770918,19800,28525
158,(patch 0 66),(patch 64 99),0.061680916079411945,27000,28527
157,(patch 35 99),(patch 99 61),0.06614184839596628,27000,28565
159,(patch 99 63),(patch 38 0),0.07151621161973783,27000,28723
154,(patch 66 99),(patch 99 35),0.05563158521690237,27000,28845
151,(patch 99 62),(patch 0 35),0.07121512313960293,27000,28864
152,(patch 0 61),(patch 99 34),0.05268118153864397,27000,29394
141,(patch 99 66),(patch 99 37),0.023991570379489815,25200,29561
155,(patch 62 0),(patch 64 99),0.036037344763786436,27000,29794
131,(patch 36 99),(patch 99 67),0.016034007666154853,23400,29838
156,(patch 67 99),(patch 0 33),0.04658046036576782,27000,29840
169,(patch 61 0),(patch 39 0),0.07934340491726259,28800,30017
163,(patch 0 36),(patch 0 60),0.06829436178408842,28800,30115
150,(patch 99 63),(patch 37 0),0.041981073217825425,27000,30192
165,(patch 38 99),(patch 99 34),0.06035763326106647,28800,30900
161,(patch 62 0),(patch 62 99),0.045069661507754134,28800,31027
166,(patch 0 63),(patch 99 61),0.040872904726846945,28800,31216
167,(patch 0 65),(patch 99 38),0.046381475169188544,28800,31403
168,(patch 99 60),(patch 99 32),0.03436605729310995,28800,31540
171,(patch 0 61),(patch 99 66),0.0777022076134615,30600,31893
160,(patch 0 37),(patch 38 99),0.0285566923699527,28800,32139
172,(patch 99 66),(patch 0 38),0.06039355084134201,30600,32619
175,(patch 63 99),(patch 0 35),0.06033452783886951,30600,32714
162,(patch 37 99),(patch 37 0),0.02510540929472309,28800,32736
170,(patch 0 61),(patch 60 0),0.05772255278475762,30600,32812
174,(patch 63 99),(patch 62 0),0.04504416005722436,30600,32827
173,(patch 0 37),(patch 64 0),0.0398939861887532,30600,32997
118,(patch 34 0),(patch 99 64),0.009736382044932353,19800,33316
177,(patch 67 0),(patch 0 66),0.04305699205058984,30600,33697
140,(patch 99 60),(patch 33 0),0.0153682424290361,25200,33789
185,(patch 61 99),(patch 99 34),0.06460886759302312,32400,33850
183,(patch 99 36),(patch 0 32),0.0583426169304446,32400,34098
184,(patch 0 33),(patch 63 99),0.07184468455926535,32400,34131
187,(patch 0 37),(patch 39 99),0.05399582999759499,32400,34195
180,(patch 99 39),(patch 0 63),0.05344510867761418,32400,34675
186,(patch 99 66),(patch 0 67),0.04259145480859539,32400,34742
179,(patch 0 62),(patch 63 99),0.023058896441525756,30600,34868
188,(patch 37 99),(patch 0 32),0.036630053420017454,32400,35080
197,(patch 32 99),(patch 99 67),0.08129411885064096,34200,35404
182,(patch 99 60),(patch 39 0),0.04238114456920174,32400,35649
181,(patch 61 0),(patch 60 99),0.029173744325560063,32400,35789
191,(patch 0 37),(patch 64 99),0.07795820689878646,34200,35887
176,(patch 35 99),(patch 99 39),0.02371103345553492,30600,35927
189,(patch 99 34),(patch 0 62),0.034586349865725605,32400,35965
192,(patch 99 64),(patch 32 0),0.06676295666724694,34200,36042
190,(patch 99 65),(patch 99 36),0.05321119909888665,34200,36157
164,(patch 32 99),(patch 99 65),0.014441093953006997,28800,36160
193,(patch 99 62),(patch 67 0),0.05061760868192357,34200,36186
196,(patch 99 65),(patch 36 0),0.061246946819879196,34200,36341
195,(patch 0 67),(patch 61 0),0.05176697526985233,34200,36567
194,(patch 99 37),(patch 33 0),0.03379547047388812,34200,37198
199,(patch 0 65),(patch 64 0),0.04088828745606381,34200,37319
203,(patch 0 60),(patch 61 99),0.06940020557181752,36000,37431
208,(patch 0 64),(patch 36 0),0.06933386948299013,36000,37500
207,(patch 64 0),(patch 61 99),0.06547302513543506,36000,37508
69,(patch 99 33),(patch 37 0),0.0037203632831846654,10800,37648
204,(patch 0 37),(patch 99 65),0.0639433012958814,36000,38018
178,(patch 34 99),(patch 99 33),0.017603398845121413,30600,38164
209,(patch 66 0),(patch 99 61),0.04204909078977269,36000,38231
201,(patch 33 99),(patch 62 0),0.058454079221318934,36000,38236
200,(patch 60 0),(patch 32 99),0.05205997537869769,36000,38241
198,(patch 99 60),(patch 39 0),0.03129132426654743,34200,38290
205,(patch 0 34),(patch 39 99),0.04165778318515537,36000,38344
206,(patch 0 64),(patch 62 0),0.047534009375935916,36000,38653
202,(patch 0 65),(patch 60 0),0.04590430073936433,36000,38835
217,(patch 99 62),(patch 0 66),0.07923354312169832,37800,39045
215,(patch 67 99),(patch 99 32),0.07298424163432232,37800,39134
219,(patch 99 38),(patch 35 99),0.07321278066766013,37800,39489
212,(patch 99 66),(patch 0 34),0.07598454120062234,37800,39515
216,(patch 64 0),(patch 34 0),0.05034724635003787,37800,39924
218,(patch 37 99),(patch 99 32),0.059593226065841255,37800,39948
214,(patch 35 0),(patch 99 36),0.040007430489828015,37800,40339
211,(patch 35 0),(patch 67 99),0.037915221293841304,37800,41046
210,(patch 37 99),(patch 33 0),0.03027201293772984,37800,41108
227,(patch 0 33),(patch 99 64),0.07773660157999887,39600,41225
221,(patch 62 99),(patch 0 64),0.06159853839512837,39600,41299
225,(patch 0 64),(patch 0 37),0.05401926072912912,39600,41334
223,(patch 67 99),(patch 0 64),0.053778012239756784,39600,41482
226,(patch 0 39),(patch 66 0),0.046212151589057116,39600,41622
222,(patch 34 99),(patch 35 0),0.04825502767980632,39600,41660
229,(patch 61 99),(patch 99 36),0.0511239272888881,39600,41718
213,(patch 99 32),(patch 64 99),0.025617686677503092,37800,41824
220,(patch 0 39),(patch 63 99),0.059319867082868495,39600,41825
224,(patch 36 99),(patch 0 34),0.04482671952672593,39600,41827
228,(patch 99 34),(patch 0 67),0.045732855501771946,39600,42447
237,(patch 0 39),(patch 37 99),0.07695448727130466,41400,42689
233,(patch 0 38),(patch 0 67),0.0401824096706775,41400,43802
230,(patch 0 38),(patch 64 99),0.048177325063621664,41400,44005
238,(patch 0 62),(patch 99 39),0.04747760836041082,41400,44035
232,(patch 61 0),(patch 0 60),0.04528978088994365,41400,44129
231,(patch 99 35),(patch 0 63),0.04162553085552405,41400,44363
246,(patch 35 0),(patch 0 63),0.07935711196429823,43200,44395
234,(patch 99 62),(patch 39 99),0.031805976907068885,41400,44404
235,(patch 99 32),(patch 39 99),0.042995086292020666,41400,44432
236,(patch 0 38),(patch 0 62),0.029592657776822275,41400,44659
240,(patch 63 0),(patch 99 67),0.05663114231355852,43200,44970
239,(patch 35 99),(patch 33 0),0.026363970162915144,41400,45187
242,(patch 60 99),(patch 33 99),0.044709882342808455,43200,45290
248,(patch 0 32),(patch 99 36),0.039365587777406584,43200,45709
241,(patch 61 99),(patch 37 0),0.04950606895412954,43200,45813
244,(patch 99 37),(patch 37 99),0.04624112629713087,43200,45942
259,(patch 99 65),(patch 99 39),0.08602653198807123,45000,46093
258,(patch 64 99),(patch 99 33),0.07664656902465027,45000,46328
245,(patch 61 0),(patch 0 60),0.03890427223496853,43200,46394
249,(patch 0 62),(patch 63 0),0.03851712592651965,43200,46502
257,(patch 38 99),(patch 66 99),0.05852703600878296,45000,46669
255,(patch 33 0),(patch 39 99),0.055407355634466755,45000,46807
256,(patch 39 0),(patch 99 60),0.06904788074076577,45000,46851
254,(patch 38 0),(patch 33 99),0.050969939031631384,45000,46964
252,(patch 39 99),(patch 60 99),0.04654560505983724,45000,47039
253,(patch 0 66),(patch 99 63),0.042232691374281664,45000,47353
251,(patch 35 0),(patch 0 66),0.03652627457494779,45000,47681
265,(patch 33 0),(patch 99 37),0.06338374883690946,46800,48376
269,(patch 37 0),(patch 63 99),0.0750718057233926,46800,48465
250,(patch 39 99),(patch 32 0),0.027189057588437874,45000,48703
262,(patch 60 0),(patch 34 0),0.05274919784450802,46800,48704
268,(patch 32 99),(patch 99 32),0.06675349670777866,46800,48759
263,(patch 99 67),(patch 33 0),0.05911350384442819,46800,48866
264,(patch 32 0),(patch 99 62),0.05906605193938461,46800,48867
247,(patch 0 62),(patch 99 62),0.017553222496184864,43200,48987
267,(patch 65 99),(patch 0 32),0.055902809617675714,46800,49032
260,(patch 0 65),(patch 99 32),0.05444070214301744,46800,49115
266,(patch 99 61),(patch 0 34),0.04747998922410213,46800,49551
275,(patch 67 0),(patch 0 38),0.0716104011917195,48600,49975
243,(patch 0 35),(patch 99 60),0.018513932295346196,43200,50118
274,(patch 0 34),(patch 0 62),0.0609487962744169,48600,50183
277,(patch 0 63),(patch 61 0),0.07502991875824212,48600,50197
272,(patch 35 99),(patch 66 0),0.07270666661262035,48600,50376
271,(patch 99 35),(patch 36 99),0.06918719652568975,48600,50452
276,(patch 65 0),(patch 39 0),0.052172289489292645,48600,50539
273,(patch 65 99),(patch 38 0),0.06339611346792899,48600,50585
278,(patch 99 32),(patch 0 67),0.04799960736496499,48600,51213
270,(patch 99 67),(patch 0 39),0.049173898314095445,48600,51257
261,(patch 99 32),(patch 0 66),0.027328496734421965,46800,51522
280,(patch 99 34),(patch 35 0),0.05914036486712925,50400,52046
287,(patch 99 39),(patch 38 99),0.06755436794539009,50400,52155
286,(patch 37 0),(patch 0 63),0.05250704453351375,50400,52358
284,(patch 61 99),(patch 99 36),0.04794210083605309,50400,52389
283,(patch 35 0),(patch 32 99),0.04927621226671281,50400,52413
289,(patch 0 65),(patch 99 63),0.04525389142299183,50400,52625
285,(patch 0 60),(patch 38 0),0.03852405641776062,50400,53064
282,(patch 60 99),(patch 0 36),0.04503435613174393,50400,53097
296,(patch 99 65),(patch 99 33),0.08066345502493218,52200,53422
293,(patch 39 99),(patch 99 61),0.07559687197515483,52200,53534
291,(patch 60 0),(patch 0 38),0.06451124838186564,52200,53783
292,(patch 33 99),(patch 60 0),0.06501212676735522,52200,54157
298,(patch 99 66),(patch 62 0),0.047391894824598185,52200,54309
288,(patch 99 34),(patch 60 99),0.02563580035304408,50400,54377
290,(patch 99 60),(patch 99 34),0.039325168797755536,52200,54695
294,(patch 99 66),(patch 0 67),0.03888735306863908,52200,54816
295,(patch 33 99),(patch 0 37),0.0344223643458743,52200,54988
299,(patch 99 62),(patch 37 0),0.039956473046169304,52200,55392
307,(patch 0 60),(patch 0 33),0.06905079022468255,54000,55406
305,(patch 0 63),(patch 99 35),0.06933024016542853,54000,55774
306,(patch 66 0),(patch 0 64),0.06851944134834623,54000,55846
301,(patch 37 0),(patch 64 99),0.05840909831183751,54000,56171
300,(patch 0 37),(patch 99 37),0.04375381867354214,54000,56293
304,(patch 36 0),(patch 99 39),0.04265418532936779,54000,56371
309,(patch 67 0),(patch 35 0),0.03376941038147363,54000,56721
279,(patch 0 34),(patch 0 62),0.012430242004270276,48600,56940
308,(patch 38 99),(patch 99 36),0.04093495383348249,54000,57018
310,(patch 66 99),(patch 99 33),0.0687726155446499,55800,57210
315,(patch 37 99),(patch 0 32),0.05686896018756919,55800,57535
318,(patch 99 67),(patch 33 0),0.06692447146896195,55800,57716
319,(patch 0 32),(patch 99 33),0.05104116281389477,55800,57779
297,(patch 99 65),(patch 38 99),0.01733711776733347,52200,57832
316,(patch 0 32),(patch 35 99),0.0472046092874227,55800,57897
311,(patch 65 0),(patch 99 63),0.045219013360248674,55800,57968
302,(patch 65 0),(patch 33 99),0.031343099948037384,54000,58196
314,(patch 99 35),(patch 32 0),0.03906921539893861,55800,58365
312,(patch 67 99),(patch 36 0),0.047159567709173275,55800,58535
303,(patch 39 99),(patch 99 35),0.026685384294165598,54000,58702
328,(patch 33 0),(patch 99 33),0.08184870162142213,57600,58749
313,(patch 99 61),(patch 39 0),0.041553457850082444,55800,58900
325,(patch 0 67),(patch 0 37),0.07739761005320885,57600,58975
322,(patch 99 62),(patch 35 0),0.07574011809868081,57600,59256
327,(patch 0 37),(patch 0 65),0.048767854757910574,57600,59545
324,(patch 0 60),(patch 64 99),0.04955825251036305,57600,59718
329,(patch 63 0),(patch 99 61),0.047734853480412544,57600,59736
326,(patch 0 35),(patch 99 63),0.05555485539007538,57600,59875
323,(patch 99 37),(patch 99 60),0.04044925171432392,57600,60090
317,(patch 99 34),(patch 37 99),0.029212213148822493,55800,60406
320,(patch 67 0),(patch 36 99),0.04576255765695305,57600,60571
335,(patch 34 0),(patch 61 0),0.06538574612406269,59400,60758
330,(patch 0 35),(patch 99 36),0.06054333446429661,59400,61029
334,(patch 63 0),(patch 63 99),0.054339966633609724,59400,61221
333,(patch 99 62),(patch 37 99),0.04987759438018539,59400,61437
321,(patch 0 38),(patch 60 0),0.027186022757054052,57600,61506
332,(patch 39 99),(patch 62 0),0.05696451834514611,59400,61688
331,(patch 0 39),(patch 35 99),0.04186081946087151,59400,61868
336,(patch 0 39),(patch 99 64),0.048666780064396856,59400,62079
339,(patch 0 36),(patch 38 99),0.03678798767970534,59400,62180
281,(patch 39 0),(patch 99 63),0.00996939236050407,50400,62401
338,(patch 99 61),(patch 0 35),0.039762785772867806,59400,62521
342,(patch 0 62),(patch 99 63),0.0673417530783458,61200,62664
345,(patch 61 0),(patch 63 99),0.05488187377592844,61200,63011
346,(patch 62 99),(patch 0 63),0.05582959997144956,61200,63037
340,(patch 0 64),(patch 67 0),0.05688464448020677,61200,63407
344,(patch 39 99),(patch 0 36),0.041088889833629696,61200,63742
347,(patch 38 99),(patch 99 39),0.04769102595522591,61200,63853
349,(patch 62 99),(patch 61 0),0.033467582812567384,61200,64174
343,(patch 32 99),(patch 66 0),0.04160605540370681,61200,64556
358,(patch 0 32),(patch 0 62),0.06276822402803654,63000,64610
353,(patch 99 37),(patch 38 99),0.07890245075085561,63000,64674
341,(patch 0 36),(patch 62 99),0.03404424815860338,61200,64813
359,(patch 99 34),(patch 33 99),0.0629085197010141,63000,65004
350,(patch 99 33),(patch 0 62),0.06002728688255822,63000,65069
348,(patch 0 39),(patch 0 64),0.022616846892144226,61200,65264
354,(patch 99 67),(patch 0 37),0.05652215099549643,63000,65291
351,(patch 99 38),(patch 36 99),0.05441032771185657,63000,65307
352,(patch 0 39),(patch 60 99),0.04850039030120607,63000,65547
357,(patch 35 0),(patch 0 62),0.036507006330202,63000,65749
365,(patch 99 63),(patch 38 99),0.07526160331165979,64800,66134
368,(patch 63 0),(patch 0 62),0.07219670244439026,64800,66509
366,(patch 39 0),(patch 0 65),0.05222823830798769,64800,66608
364,(patch 99 67),(patch 0 33),0.07069668115613273,64800,66628
337,(patch 0 32),(patch 99 60),0.018455530268510444,59400,66708
369,(patch 0 38),(patch 32 99),0.04981366889594603,64800,66718
355,(patch 99 67),(patch 0 62),0.026657260391970163,63000,66772
363,(patch 99 65),(patch 65 0),0.04422272051294607,64800,67006
360,(patch 99 38),(patch 0 67),0.05309169130368985,64800,67260
356,(patch 99 35),(patch 36 99),0.030170926484826333,63000,67368
362,(patch 61 0),(patch 36 99),0.045064426102146046,64800,67540
361,(patch 61 0),(patch 38 99),0.035680348865924943,64800,68102
372,(patch 99 33),(patch 37 99),0.08066643412310945,66600,68238
373,(patch 0 33),(patch 99 64),0.07859275120751921,66600,68286
371,(patch 99 61),(patch 0 37),0.07655570240429087,66600,68287
378,(patch 0 39),(patch 39 99),0.05191697458386288,66600,68407
367,(patch 0 33),(patch 99 37),0.025208125655604947,64800,68742
370,(patch 0 66),(patch 0 37),0.03967966602534762,66600,69023
374,(patch 37 0),(patch 60 99),0.047213709787722206,66600,69091
377,(patch 99 66),(patch 32 99),0.03564101574899825,66600,69362
379,(patch 38 99),(patch 99 33),0.047507151237994476,66600,69422
385,(patch 60 99),(patch 65 0),0.06771433917135215,68400,69861
384,(patch 99 34),(patch 36 99),0.08188945570465224,68400,69945
380,(patch 64 99),(patch 36 99),0.05569827671115313,68400,70126
381,(patch 0 35),(patch 64 0),0.05244812339096573,68400,70233
383,(patch 37 0),(patch 0 60),0.05089121871107728,68400,70269
386,(patch 35 0),(patch 38 99),0.04635713153312418,68400,70558
389,(patch 65 0),(patch 0 67),0.052255455046278154,68400,70884
376,(patch 0 61),(patch 99 33),0.029826933864334958,66600,71021
387,(patch 65 0),(patch 39 99),0.04713390421487149,68400,71128
392,(patch 99 39),(patch 99 64),0.07751789251797175,70200,71536
391,(patch 99 37),(patch 0 38),0.07213797500849897,70200,71585
375,(patch 65 99),(patch 0 34),0.02569460964722297,66600,71655
390,(patch 65 0),(patch 67 99),0.062246589100356804,70200,71789
393,(patch 0 37),(patch 99 33),0.05365141735766347,70200,72052
398,(patch 64 0),(patch 99 66),0.04536951980343038,70200,72563
397,(patch 99 60),(patch 0 62),0.041668712911558395,70200,72600
396,(patch 0 63),(patch 62 99),0.04472045025713893,70200,72628
394,(patch 99 39),(patch 0 60),0.037929102380811895,70200,73416
399,(patch 32 0),(patch 99 65),0.03970429915879651,70200,73440
400,(patch 99 64),(patch 32 99),0.06388304920397946,72000,73458
407,(patch 33 0),(patch 0 66),0.06137891519915962,72000,73603
409,(patch 0 67),(patch 34 0),0.06221349298848809,72000,73649
405,(patch 38 99),(patch 32 0),0.05800613006612411,72000,73722
403,(patch 99 67),(patch 36 99),0.049543383431984875,72000,73898
401,(patch 0 63),(patch 99 35),0.06739385183835678,72000,73925
406,(patch 65 99),(patch 99 32),0.05025401549269742,72000,74042
382,(patch 99 61),(patch 35 0),0.02032897174106113,68400,74317
395,(patch 99 67),(patch 0 35),0.028493420003844163,70200,74980
419,(patch 0 37),(patch 63 0),0.07875462676263885,73800,75068
402,(patch 61 0),(patch 99 62),0.030541189067699308,72000,75163
408,(patch 0 39),(patch 0 63),0.029952074901724367,72000,75500
410,(patch 60 0),(patch 99 64),0.05559848326111708,73800,75546
404,(patch 99 60),(patch 35 0),0.0345739456390002,72000,75691
412,(patch 99 66),(patch 99 37),0.05344082580048414,73800,75712
414,(patch 37 0),(patch 99 63),0.06627860693219421,73800,75713
411,(patch 99 67),(patch 35 0),0.06504390545199215,73800,75869
416,(patch 60 99),(patch 38 0),0.056874546317675766,73800,76016
413,(patch 37 99),(patch 63 0),0.05567546407872172,73800,76069
418,(patch 37 0),(patch 99 32),0.04650040734640479,73800,76078
417,(patch 99 35),(patch 39 99),0.04751700644667305,73800,76426
428,(patch 65 99),(patch 65 0),0.05767049315661822,75600,77342
425,(patch 34 0),(patch 64 99),0.06901851179308266,75600,77397
424,(patch 66 99),(patch 0 37),0.06618584840058185,75600,77479
429,(patch 99 39),(patch 66 99),0.05287307477507763,75600,77586
422,(patch 0 60),(patch 36 0),0.04910101464168753,75600,77606
427,(patch 0 63),(patch 99 37),0.0596288054023831,75600,77642
420,(patch 65 99),(patch 36 0),0.06138884878321289,75600,77673
423,(patch 61 99),(patch 33 0),0.04821435924637849,75600,78047
426,(patch 99 39),(patch 0 61),0.05302591407981538,75600,78145
415,(patch 65 0),(patch 37 99),0.02933254518671183,73800,78234
421,(patch 35 99),(patch 99 35),0.04483806172361653,75600,78455
439,(patch 99 63),(patch 39 99),0.056533018367314725,77400,79100
437,(patch 0 65),(patch 99 32),0.06440126897282708,77400,79374
436,(patch 62 99),(patch 65 0),0.04796861068726983,77400,79517
435,(patch 64 99),(patch 37 0),0.05196283164985373,77400,79699
432,(patch 99 38),(patch 64 99),0.04287132846892964,77400,79761
438,(patch 99 33),(patch 0 66),0.04968921521092299,77400,79828
430,(patch 67 99),(patch 0 32),0.0478255892347249,77400,79942
433,(patch 60 0),(patch 0 61),0.047880591991389575,77400,80110
434,(patch 35 0),(patch 63 0),0.03782363518602946,77400,80152
431,(patch 64 0),(patch 0 65),0.04313176432170813,77400,80296
441,(patch 63 99),(patch 0 62),0.07636135251243954,79200,80506
446,(patch 99 65),(patch 99 34),0.066412597708923,79200,80666
388,(patch 0 36),(patch 65 99),0.010745330715026901,68400,80688
444,(patch 38 0),(patch 99 35),0.05739870157091765,79200,80834
442,(patch 64 99),(patch 0 37),0.07009905828380568,79200,81027
449,(patch 60 0),(patch 39 99),0.06314413781367052,79200,81114
443,(patch 62 0),(patch 67 99),0.04659511490185949,79200,81351
447,(patch 64 0),(patch 99 63),0.04581275751037352,79200,81481
440,(patch 0 38),(patch 0 66),0.0458431838677404,79200,81488
448,(patch 39 99),(patch 0 37),0.03398012950480604,79200,82100
455,(patch 99 33),(patch 66 99),0.07288979778555378,81000,82350
450,(patch 99 39),(patch 36 0),0.06976813563278614,81000,82370
457,(patch 37 0),(patch 60 0),0.04712869656163189,81000,83063
451,(patch 39 0),(patch 33 99),0.0465297024502882,81000,83124
452,(patch 32 99),(patch 99 38),0.05980294571579385,81000,83170
456,(patch 67 0),(patch 37 99),0.05516362776288745,81000,83225
458,(patch 99 33),(patch 32 99),0.046955224561534885,81000,83879
445,(patch 99 33),(patch 0 63),0.025465889959189483,79200,84200
469,(patch 99 64),(patch 38 99),0.06822021936888041,82800,84210
454,(patch 99 35),(patch 34 0),0.03212459046059892,81000,84247
462,(patch 99 63),(patch 99 33),0.06430383379338064,82800,84310
461,(patch 99 39),(patch 35 0),0.06333950533593317,82800,84319
453,(patch 0 37),(patch 0 66),0.026621492316849005,81000,84452
459,(patch 99 64),(patch 0 37),0.03250690474610563,81000,84833
460,(patch 99 36),(patch 0 60),0.06021662822079163,82800,84835
463,(patch 0 38),(patch 99 36),0.04375395359565978,82800,85075
464,(patch 0 34),(patch 99 39),0.03580058048927255,82800,85576
466,(patch 99 36),(patch 62 99),0.03340534495944559,82800,85747
479,(patch 0 37),(patch 35 99),0.07722920293669536,84600,85799
478,(patch 99 35),(patch 99 65),0.07780555977926121,84600,85865
473,(patch 99 37),(patch 35 99),0.07805806789533436,84600,86229
472,(patch 61 99),(patch 99 37),0.05945498376284615,84600,86251
477,(patch 0 63),(patch 99 38),0.06064625109514581,84600,86537
476,(patch 0 66),(patch 0 33),0.04520624587442257,84600,86768
465,(patch 64 99),(patch 0 35),0.032537663074179456,82800,86788
467,(patch 0 35),(patch 66 99),0.030688508995689995,82800,86973
470,(patch 33 99),(patch 66 99),0.031086863153121914,84600,87549
471,(patch 0 62),(patch 99 38),0.043333432970855,84600,87608
86,(patch 66 0),(patch 0 67),0.0018854849083178211,14400,88010
480,(patch 34 0),(patch 99 62),0.07693117655607998,86400,88051
484,(patch 61 99),(patch 99 36),0.05090690625184883,86400,88324
487,(patch 0 34),(patch 66 99),0.06478475946420054,86400,88512
486,(patch 0 34),(patch 99 61),0.05400451284753056,86400,88629
482,(patch 99 65),(patch 0 62),0.04186310399606592,86400,88801
481,(patch 0 64),(patch 99 38),0.048942901645690116,86400,88922
488,(patch 0 60),(patch 61 99),0.03994212276937244,86400,89018
468,(patch 0 60),(patch 60 99),0.015224683610306903,82800,89525
490,(patch 61 99),(patch 0 63),0.07199032992887311,88200,89564
474,(patch 99 60),(patch 0 36),0.023717512866350113,84600,89579
485,(patch 38 99),(patch 99 39),0.035756964794203774,86400,89761
499,(patch 0 61),(patch 62 0),0.08086927694899047,88200,89783
483,(patch 0 33),(patch 66 0),0.02985114021234906,86400,89944
493,(patch 99 39),(patch 65 99),0.05795780260598502,88200,89962
494,(patch 0 61),(patch 0 32),0.05667230421655538,88200,90025
496,(patch 35 0),(patch 99 36),0.05201768442149212,88200,90118
492,(patch 33 99),(patch 36 0),0.04844980333355428,88200,90237
475,(patch 99 39),(patch 32 99),0.02130955500206777,84600,90390
495,(patch 0 63),(patch 99 32),0.05845564338986788,88200,90406
491,(patch 0 33),(patch 99 63),0.04696203912671588,88200,90880
497,(patch 62 0),(patch 0 64),0.046270169817126075,88200,90891
502,(patch 37 99),(patch 65 99),0.0734194909608843,90000,91309
500,(patch 99 35),(patch 61 99),0.07280566668015252,90000,91380
508,(patch 99 66),(patch 65 0),0.05714655192902843,90000,91748
504,(patch 62 99),(patch 0 33),0.07163167625369941,90000,91855
506,(patch 60 0),(patch 0 39),0.044116521751862134,90000,92188
498,(patch 99 33),(patch 0 64),0.03155015189918756,88200,92211
503,(patch 60 99),(patch 0 33),0.05377359027526473,90000,92488
501,(patch 66 99),(patch 39 0),0.04002378080409577,90000,92995
507,(patch 99 34),(patch 32 99),0.037093525773000686,90000,93417
510,(patch 67 99),(patch 0 36),0.07930271335557837,91800,93473
515,(patch 60 99),(patch 63 0),0.05843198168117537,91800,93496
509,(patch 61 99),(patch 0 35),0.03551341452637433,90000,93657
511,(patch 64 0),(patch 66 99),0.0518977055049245,91800,93719
516,(patch 0 38),(patch 0 66),0.053524571267368974,91800,93731
512,(patch 99 34),(patch 36 99),0.06512789967583148,91800,93753
517,(patch 99 63),(patch 0 35),0.05323827949810598,91800,94048
519,(patch 0 39),(patch 60 0),0.03186906977247542,91800,94892
524,(patch 99 67),(patch 99 35),0.07596301794265457,93600,94903
518,(patch 0 65),(patch 63 0),0.04309123009356288,91800,94904
528,(patch 34 0),(patch 62 99),0.08534496220261074,93600,95127
513,(patch 67 99),(patch 38 99),0.02953911856150249,91800,95160
522,(patch 0 65),(patch 0 39),0.05720995786652843,93600,95334
523,(patch 67 0),(patch 0 65),0.07270836214775289,93600,95383
514,(patch 0 33),(patch 0 60),0.02744674692951214,91800,95778
521,(patch 0 32),(patch 62 99),0.05512612917217387,93600,95945
489,(patch 38 0),(patch 99 38),0.010202321149768519,86400,96059
526,(patch 99 66),(patch 34 99),0.03805196856824554,93600,96213
536,(patch 0 60),(patch 0 33),0.10502020851051232,95400,96335
529,(patch 34 99),(patch 66 0),0.0484612517029375,93600,96350
520,(patch 99 39),(patch 0 64),0.042588489960343194,93600,96464
525,(patch 0 37),(patch 99 66),0.04420082628790144,93600,96493
539,(patch 99 36),(patch 67 99),0.06488275261844066,95400,96940
533,(patch 36 99),(patch 99 35),0.06958074945230498,95400,97081
537,(patch 99 38),(patch 99 63),0.05387009228080435,95400,97108
527,(patch 0 38),(patch 35 99),0.02673845848835118,93600,97347
534,(patch 60 0),(patch 61 99),0.04773352496173006,95400,97485
505,(patch 60 99),(patch 0 38),0.01704386268146154,90000,97598
538,(patch 38 99),(patch 99 38),0.05296330935281849,95400,97798
532,(patch 99 65),(patch 33 0),0.049260011371192645,95400,97953
531,(patch 0 60),(patch 63 0),0.050806770802436806,95400,97954
535,(patch 99 64),(patch 36 0),0.03625025625005648,95400,98578
530,(patch 33 99),(patch 38 0),0.029926973705721602,95400,98747
546,(patch 38 0),(patch 61 0),0.06268186499294252,97200,98835
544,(patch 0 39),(patch 60 0),0.05379318948168911,97200,99091
540,(patch 99 60),(patch 0 38),0.06326214174296566,97200,99181
548,(patch 0 34),(patch 62 99),0.061425023863100545,97200,99242
545,(patch 37 0),(patch 63 99),0.0633597531757872,97200,99250
543,(patch 62 0),(patch 37 0),0.042160866793872424,97200,99485
542,(patch 65 99),(patch 37 99),0.03541593510872909,97200,99924
549,(patch 99 32),(patch 67 99),0.03617108073789741,97200,99985
557,(patch 63 0),(patch 39 0),0.06367885134960534,99000,100458
558,(patch 99 62),(patch 38 99),0.050041806418086324,99000,100928
551,(patch 39 0),(patch 67 0),0.05310190908866561,99000,100929
559,(patch 0 37),(patch 63 0),0.04752479389030933,99000,101225
554,(patch 39 0),(patch 99 39),0.04632644591779713,99000,101247
556,(patch 66 99),(patch 34 0),0.05149472501209386,99000,101394
552,(patch 0 34),(patch 99 63),0.05142657436332818,99000,101430
541,(patch 39 0),(patch 66 99),0.026654806007764046,97200,102108
550,(patch 60 99),(patch 32 0),0.0393537165995357,99000,102184
563,(patch 99 33),(patch 0 34),0.0577738653301133,100800,102518
553,(patch 0 39),(patch 99 64),0.03475515321253562,99000,102778
555,(patch 38 99),(patch 65 0),0.035134983586381986,99000,102888
569,(patch 36 0),(patch 0 60),0.04706465529897215,100800,102913
564,(patch 0 38),(patch 60 0),0.0474621223409401,100800,102917
561,(patch 99 62),(patch 37 0),0.056709455035392174,100800,102970
565,(patch 37 99),(patch 99 39),0.050314041316273726,100800,103265
560,(patch 99 64),(patch 99 36),0.04297977006519335,100800,103291
562,(patch 34 99),(patch 0 35),0.039498154323400224,100800,103300
566,(patch 64 99),(patch 33 0),0.05178656983002549,100800,103325
567,(patch 99 67),(patch 65 0),0.0334193268391096,100800,103683
547,(patch 99 63),(patch 35 0),0.018231143819395564,97200,103949
575,(patch 99 64),(patch 0 35),0.0866655227334087,102600,104045
577,(patch 32 99),(patch 63 0),0.07221211960119311,102600,104343
571,(patch 65 0),(patch 39 99),0.07029537886496691,102600,104376
574,(patch 0 32),(patch 99 66),0.06828258856815526,102600,104478
570,(patch 99 67),(patch 0 34),0.06184972359771077,102600,104556
568,(patch 65 0),(patch 99 67),0.023484466987916897,100800,104792
576,(patch 99 60),(patch 0 61),0.03987246618982814,102600,105126
572,(patch 99 32),(patch 32 99),0.049160531540222256,102600,105334
573,(patch 62 99),(patch 0 37),0.0430571886719514,102600,105521
581,(patch 99 33),(patch 0 66),0.07469653510487292,104400,106055
587,(patch 64 0),(patch 99 65),0.05694460631683236,104400,106195
578,(patch 38 99),(patch 99 34),0.03445935361435009,102600,106215
580,(patch 0 62),(patch 99 39),0.062774455432791,104400,106364
584,(patch 0 38),(patch 0 61),0.04678169079711438,104400,106374
589,(patch 38 99),(patch 99 66),0.0451787240704817,104400,106561
588,(patch 99 36),(patch 0 63),0.051738417602299566,104400,106870
585,(patch 65 0),(patch 0 65),0.046662973244124016,104400,107049
586,(patch 61 0),(patch 99 61),0.03575551132056669,104400,107240
597,(patch 99 35),(patch 61 99),0.08456150379157541,106200,107397
582,(patch 37 0),(patch 99 61),0.04548528740594672,104400,107415
579,(patch 64 0),(patch 34 99),0.0271269092530138,102600,107566
594,(patch 37 99),(patch 35 0),0.0726085171750691,106200,107566
583,(patch 0 39),(patch 66 99),0.03933886999741797,104400,107664
591,(patch 35 99),(patch 62 99),0.06715474835228606,106200,107706
593,(patch 0 34),(patch 0 66),0.054727640718186615,106200,107865
590,(patch 0 61),(patch 62 99),0.052062907573860805,106200,108033
596,(patch 66 0),(patch 36 99),0.06334770988975032,106200,108174
595,(patch 99 61),(patch 0 36),0.05866150445171792,106200,108351
598,(patch 34 99),(patch 33 0),0.04115263181840372,106200,108630
599,(patch 0 62),(patch 67 0),0.05099190120163076,106200,108724
609,(patch 63 0),(patch 37 99),0.07262595318295724,108000,109764
607,(patch 61 99),(patch 33 0),0.06482363728302672,108000,109950
603,(patch 67 0),(patch 39 99),0.06462810782313987,108000,109992
605,(patch 35 99),(patch 99 63),0.04721548305971856,108000,110055
600,(patch 36 0),(patch 99 32),0.04333879157301778,108000,110408
592,(patch 0 66),(patch 99 63),0.02196620231951259,106200,110762
613,(patch 99 61),(patch 0 64),0.10136798665343366,109800,110784
606,(patch 62 0),(patch 0 67),0.041960206216292296,108000,111089
601,(patch 62 0),(patch 0 65),0.043613674756931384,108000,111123
608,(patch 99 64),(patch 35 0),0.03934393124974235,108000,111147
602,(patch 63 0),(patch 99 63),0.03162419858073343,108000,111258
612,(patch 0 63),(patch 99 65),0.05997734656691093,109800,111452
610,(patch 99 39),(patch 0 60),0.07260146125040935,109800,111527
615,(patch 99 60),(patch 32 0),0.07229858865936499,109800,111563
616,(patch 0 66),(patch 65 99),0.051887039702641816,109800,111676
619,(patch 63 0),(patch 38 0),0.04380896779502535,109800,112014
618,(patch 0 33),(patch 99 65),0.054844840063473885,109800,112108
614,(patch 64 99),(patch 64 0),0.039930211844051114,109800,112271
604,(patch 99 61),(patch 99 34),0.022966827009961808,108000,112447
621,(patch 0 61),(patch 99 60),0.07617629146745748,111600,112901
628,(patch 64 0),(patch 33 0),0.061577654316027366,111600,113077
623,(patch 99 34),(patch 36 99),0.08003475436841755,111600,113183
626,(patch 99 64),(patch 99 35),0.06177517026781838,111600,113189
622,(patch 36 99),(patch 99 39),0.07240389065620653,111600,113340
624,(patch 39 0),(patch 37 99),0.05348214389192428,111600,113488
629,(patch 0 34),(patch 0 60),0.040169653638605377,111600,114068
627,(patch 0 60),(patch 99 34),0.04885704807195732,111600,114292
625,(patch 64 0),(patch 37 99),0.04618034195436094,111600,114496
630,(patch 99 37),(patch 63 99),0.08843845997568366,113400,114505
611,(patch 99 61),(patch 39 0),0.026720024749031193,109800,114711
635,(patch 34 0),(patch 99 37),0.06520466422926223,113400,114925
637,(patch 65 99),(patch 39 99),0.061233020683581975,113400,114959
633,(patch 37 99),(patch 33 0),0.06283266888482517,113400,114990
620,(patch 0 64),(patch 63 99),0.026793135346704248,111600,115364
636,(patch 60 0),(patch 0 61),0.05284843318972305,113400,115706
631,(patch 62 99),(patch 99 34),0.04343066423126345,113400,115742
638,(patch 99 63),(patch 34 0),0.04924428025334545,113400,115838
639,(patch 99 36),(patch 99 65),0.039239390988737674,113400,116096
632,(patch 0 62),(patch 64 0),0.03932271914263219,113400,116702
641,(patch 34 0),(patch 39 99),0.06440926023759243,115200,116749
649,(patch 66 99),(patch 32 0),0.07152936341752615,115200,116944
642,(patch 37 99),(patch 0 34),0.05079910066661908,115200,117154
647,(patch 66 0),(patch 35 99),0.059054053925249574,115200,117240
645,(patch 65 0),(patch 35 0),0.044407092767588426,115200,117442
643,(patch 66 99),(patch 0 39),0.05177944866587991,115200,117621
644,(patch 60 0),(patch 0 67),0.052444792823165214,115200,117717
640,(patch 0 63),(patch 99 67),0.03607762126706492,115200,117972
617,(patch 33 0),(patch 66 99),0.015865376816950712,109800,118001
646,(patch 99 62),(patch 36 0),0.04361006446984524,115200,118169
657,(patch 39 0),(patch 33 99),0.07547757585893561,117000,118322
659,(patch 34 99),(patch 66 0),0.08385658580098916,117000,118421
656,(patch 0 61),(patch 99 61),0.06437564381042268,117000,118531
648,(patch 67 0),(patch 38 99),0.03856397481672633,115200,118583
634,(patch 66 99),(patch 0 34),0.025233689091698416,113400,118645
653,(patch 63 99),(patch 99 32),0.043766679400199106,117000,119141
654,(patch 0 61),(patch 99 63),0.045363446084990836,117000,119228
655,(patch 64 99),(patch 37 0),0.0571612322328114,117000,119274
651,(patch 65 99),(patch 38 0),0.051973834602091123,117000,119364
650,(patch 60 99),(patch 38 0),0.05557749450931006,117000,119387
652,(patch 66 0),(patch 35 0),0.03780611890746711,117000,119556
660,(patch 0 36),(patch 60 99),0.07634365782283432,118800,120468
663,(patch 65 0),(patch 99 64),0.055521457708537704,118800,120515
666,(patch 65 99),(patch 66 0),0.05391285618439501,118800,120643
664,(patch 0 64),(patch 99 64),0.04928786284931325,118800,120808
661,(patch 60 0),(patch 35 99),0.058406894460644086,118800,121021
668,(patch 99 37),(patch 99 65),0.0405298210176434,118800,121148
667,(patch 38 0),(patch 60 0),0.04051288387766161,118800,121192
658,(patch 99 66),(patch 0 36),0.02663544919898446,117000,122021
677,(patch 32 99),(patch 32 0),0.05696536073661475,120600,122346
678,(patch 99 38),(patch 99 67),0.05903780941617764,120600,122363
679,(patch 63 0),(patch 0 38),0.05165714750838769,120600,122461
662,(patch 61 99),(patch 32 99),0.027748771775945584,118800,122517
665,(patch 0 37),(patch 99 66),0.032379174461929616,118800,122773
672,(patch 0 60),(patch 99 34),0.057406143497253107,120600,122907
669,(patch 99 63),(patch 38 0),0.027671698353433836,118800,122959
670,(patch 99 37),(patch 0 67),0.043731679155847906,120600,123435
671,(patch 99 35),(patch 63 99),0.034226759183316816,120600,123491
674,(patch 99 39),(patch 0 63),0.04529053198249002,120600,123497
687,(patch 99 36),(patch 99 64),0.0739686236470001,122400,123728
685,(patch 64 99),(patch 0 61),0.06721518519603836,122400,123936
684,(patch 99 38),(patch 99 62),0.062440382858837275,122400,123968
676,(patch 99 60),(patch 0 38),0.03474584667560184,120600,124283
688,(patch 63 0),(patch 0 64),0.06296512516657009,122400,124376
681,(patch 60 0),(patch 99 61),0.04528069889254442,122400,124502
680,(patch 35 99),(patch 63 0),0.05854713674174107,122400,124586
682,(patch 99 67),(patch 36 0),0.04814142649640295,122400,125104
689,(patch 35 0),(patch 99 60),0.049540752763995645,122400,125105
696,(patch 0 62),(patch 63 99),0.08373962115070128,124200,125375
686,(patch 0 66),(patch 99 60),0.0315820955660036,122400,125563
673,(patch 32 0),(patch 99 64),0.025998648862033267,120600,125670
683,(patch 99 38),(patch 0 62),0.03924640933719254,122400,125728
692,(patch 37 99),(patch 66 0),0.08074309731714953,124200,125824
694,(patch 64 99),(patch 33 0),0.0704560815117972,124200,126009
690,(patch 60 99),(patch 0 62),0.04754072864854695,124200,126295
697,(patch 60 99),(patch 0 62),0.050893140216053186,124200,126300
698,(patch 61 0),(patch 0 63),0.057534357017056934,124200,126389
675,(patch 99 62),(patch 61 0),0.015833124054082718,120600,126610
691,(patch 99 62),(patch 0 38),0.04318418638196,124200,127373
702,(patch 0 38),(patch 65 0),0.06598545403796542,126000,127436
708,(patch 0 65),(patch 65 99),0.06574128259060849,126000,127487
695,(patch 34 99),(patch 33 0),0.02798076980429763,124200,127766
701,(patch 33 99),(patch 99 39),0.07189837136044322,126000,127789
700,(patch 99 35),(patch 39 0),0.0521824724613925,126000,127905
693,(patch 99 39),(patch 34 99),0.03472808771257917,124200,127924
704,(patch 37 99),(patch 36 0),0.05158734905384974,126000,127938
706,(patch 0 33),(patch 34 99),0.050662492059179866,126000,128030
709,(patch 99 62),(patch 0 65),0.047630344876952196,126000,128075
703,(patch 61 99),(patch 0 63),0.03928586462320383,126000,128493
705,(patch 62 99),(patch 60 0),0.03935730021305924,126000,128551
718,(patch 99 60),(patch 0 38),0.08198629274490596,127800,129299
717,(patch 35 0),(patch 61 0),0.06441065580946388,127800,129320
711,(patch 0 61),(patch 99 61),0.05311771693611785,127800,129684
713,(patch 99 38),(patch 0 62),0.05863915412548689,127800,129932
719,(patch 99 67),(patch 37 0),0.05874445819180951,127800,130015
715,(patch 63 0),(patch 32 99),0.04758969864930794,127800,130433
707,(patch 36 99),(patch 0 36),0.022302581671154464,126000,130610
710,(patch 63 0),(patch 38 0),0.03305332218698595,127800,130980
714,(patch 0 35),(patch 64 99),0.03919808539052179,127800,131124
727,(patch 99 66),(patch 0 38),0.07709129511253376,129600,131177
721,(patch 62 0),(patch 37 0),0.06043394957918687,129600,131178
724,(patch 0 38),(patch 33 99),0.06437123379737132,129600,131183
728,(patch 99 39),(patch 38 99),0.08263471210731951,129600,131213
726,(patch 63 99),(patch 37 0),0.06991232031406983,129600,131472
723,(patch 35 99),(patch 99 32),0.05376702925356696,129600,131939
722,(patch 67 99),(patch 0 38),0.05402160930235548,129600,131952
720,(patch 0 67),(patch 99 66),0.039052170120659896,129600,132155
725,(patch 99 37),(patch 36 99),0.0459101412387194,129600,132289
712,(patch 0 36),(patch 62 99),0.027940762106339292,127800,132482
731,(patch 99 39),(patch 60 99),0.08331439928619323,131400,132611
735,(patch 63 0),(patch 99 67),0.07876220485392643,131400,132671
738,(patch 34 0),(patch 67 0),0.060144293713212726,131400,133016
733,(patch 39 0),(patch 60 99),0.0664879241018833,131400,133307
739,(patch 36 0),(patch 62 99),0.06333760992792206,131400,133527
699,(patch 62 99),(patch 0 63),0.010920290531529927,124200,133578
734,(patch 66 99),(patch 62 0),0.04363438677617842,131400,133675
730,(patch 0 66),(patch 62 0),0.049482786085315485,131400,133876
736,(patch 60 99),(patch 99 33),0.04023494208475014,131400,133892
729,(patch 0 33),(patch 99 65),0.029839157917781977,129600,133961
732,(patch 62 99),(patch 39 0),0.0500192136560709,131400,133978
737,(patch 99 33),(patch 0 64),0.05117127593599979,131400,133993
716,(patch 33 0),(patch 99 33),0.015653357880441265,127800,134020
744,(patch 99 33),(patch 99 61),0.0788893125026697,133200,134429
746,(patch 60 99),(patch 0 65),0.06499599286441174,133200,134699
747,(patch 99 65),(patch 99 33),0.06192845154566969,133200,134791
749,(patch 62 99),(patch 99 32),0.058483779901502934,133200,134817
741,(patch 64 0),(patch 65 99),0.061120252775266316,133200,134825
743,(patch 37 99),(patch 67 0),0.06439952784010497,133200,135138
740,(patch 0 33),(patch 99 60),0.058580016633344424,133200,135328
745,(patch 99 67),(patch 0 37),0.05779029919447796,133200,135436
742,(patch 0 67),(patch 99 34),0.04642781547034695,133200,135936
759,(patch 61 99),(patch 60 0),0.07258373016637756,135000,136380
755,(patch 63 99),(patch 61 0),0.06863696803053881,135000,136451
751,(patch 62 0),(patch 35 0),0.06798248564576537,135000,136523
754,(patch 60 99),(patch 37 0),0.08112674276494793,135000,136554
748,(patch 0 33),(patch 99 39),0.028753598359998456,133200,136684
756,(patch 33 0),(patch 99 60),0.06536012236891145,135000,136933
757,(patch 64 99),(patch 34 0),0.06188745443465352,135000,136968
752,(patch 61 99),(patch 36 0),0.05338465551436338,135000,137417
758,(patch 99 60),(patch 0 33),0.04896707121059929,135000,137577
766,(patch 0 62),(patch 62 99),0.08333505502038438,136800,137983
763,(patch 66 0),(patch 0 39),0.07253806996447602,136800,138163
768,(patch 99 38),(patch 99 60),0.07362308927375606,136800,138265
750,(patch 99 63),(patch 38 0),0.04046428941953822,135000,138323
760,(patch 65 0),(patch 99 63),0.06121761071477724,136800,138393
765,(patch 99 63),(patch 0 39),0.0670701327889074,136800,138726
769,(patch 0 34),(patch 34 99),0.04462053657634628,136800,138898
761,(patch 66 0),(patch 0 66),0.06489329941108148,136800,138924
753,(patch 65 0),(patch 0 67),0.03623550550785326,135000,138945
767,(patch 67 99),(patch 34 0),0.03836874872230307,136800,139924
778,(patch 0 66),(patch 62 0),0.08598118034912397,138600,140083
762,(patch 60 99),(patch 61 0),0.02945215531837689,136800,140172
777,(patch 99 60),(patch 33 0),0.07949316045672541,138600,140185
775,(patch 65 99),(patch 99 33),0.05171799336919677,138600,140499
764,(patch 37 0),(patch 99 62),0.03235094682416687,136800,140635
773,(patch 0 35),(patch 0 66),0.04630148697258154,138600,140671
779,(patch 67 99),(patch 62 0),0.044453417543072464,138600,140834
772,(patch 63 0),(patch 0 66),0.055836304810190196,138600,140917
776,(patch 99 61),(patch 33 0),0.05206658560719421,138600,140952
771,(patch 0 64),(patch 65 99),0.03319021438223589,138600,141461
788,(patch 99 62),(patch 99 36),0.07479238634788042,140400,141706
789,(patch 62 99),(patch 99 33),0.07342751527455199,140400,141760
785,(patch 99 60),(patch 63 0),0.06719160910414569,140400,141803
784,(patch 99 36),(patch 33 99),0.0740563509743953,140400,142094
786,(patch 99 32),(patch 99 61),0.05980881237888793,140400,142124
774,(patch 39 99),(patch 99 39),0.035405934883900585,138600,142178
783,(patch 66 0),(patch 34 99),0.05843474520766773,140400,142504
770,(patch 99 60),(patch 33 0),0.029449155355642086,138600,143017
780,(patch 32 0),(patch 0 67),0.03392128610386284,140400,143220
781,(patch 62 0),(patch 33 99),0.04208565069795122,140400,143427
798,(patch 99 61),(patch 37 0),0.09343421535887957,142200,143588
787,(patch 34 0),(patch 61 0),0.030705943077407302,140400,143667
797,(patch 99 63),(patch 36 0),0.06899534254753252,142200,143898
796,(patch 39 0),(patch 63 99),0.05670388491655884,142200,144369
799,(patch 39 0),(patch 99 60),0.060127665902129444,142200,144455
790,(patch 61 0),(patch 99 60),0.0396174614304579,142200,144742
793,(patch 33 99),(patch 63 0),0.04838182900826791,142200,144753
795,(patch 99 35),(patch 0 66),0.046356012012545196,142200,144883
791,(patch 34 99),(patch 65 0),0.043251579380881776,142200,145102
805,(patch 34 0),(patch 64 0),0.054419068119763395,144000,145712
792,(patch 61 0),(patch 0 33),0.027588721458789267,142200,145772
807,(patch 99 67),(patch 35 0),0.07036214196547493,144000,145801
801,(patch 60 0),(patch 37 99),0.06240552141315556,144000,145910
802,(patch 36 99),(patch 64 0),0.062042581309619975,144000,146009
804,(patch 99 61),(patch 34 0),0.06517729254256506,144000,146048
809,(patch 0 61),(patch 67 0),0.04603645619915067,144000,146738
806,(patch 36 0),(patch 99 33),0.03580154009784551,144000,146770
794,(patch 0 62),(patch 60 0),0.025099479368385493,142200,147323
812,(patch 35 99),(patch 99 63),0.06046327270268417,145800,147397
816,(patch 34 0),(patch 39 99),0.0544135744539214,145800,147633
818,(patch 99 36),(patch 39 0),0.05139657470997889,145800,147634
800,(patch 99 62),(patch 67 0),0.025186608886817025,144000,147749
814,(patch 0 32),(patch 99 37),0.051089916240666174,145800,147760
819,(patch 99 63),(patch 0 63),0.04963700575270132,145800,147795
811,(patch 99 67),(patch 0 60),0.041336757496353446,145800,148227
803,(patch 62 0),(patch 32 99),0.030552401626143307,144000,148248
815,(patch 62 0),(patch 65 99),0.04011065481662641,145800,148276
808,(patch 0 37),(patch 99 60),0.029880855776988458,144000,148480
817,(patch 99 67),(patch 38 0),0.044903928349770514,145800,148618
813,(patch 39 0),(patch 39 99),0.03444771789990665,145800,148676
822,(patch 60 99),(patch 0 32),0.07979418084718055,147600,149186
823,(patch 0 36),(patch 99 37),0.06089150947639307,147600,149225
825,(patch 62 99),(patch 38 0),0.06910158013459658,147600,149414
828,(patch 38 0),(patch 61 0),0.0555893705760134,147600,149419
827,(patch 0 39),(patch 64 0),0.04719046848878612,147600,149752
820,(patch 99 38),(patch 34 99),0.060455626636131056,147600,149766
826,(patch 99 65),(patch 35 0),0.05877483070528293,147600,149830
834,(patch 99 33),(patch 35 0),0.07860253855505649,149400,150612
833,(patch 67 99),(patch 99 32),0.06168521276073822,149400,151124
832,(patch 39 0),(patch 65 0),0.05877372664577907,149400,151235
835,(patch 66 0),(patch 0 66),0.06268720259185576,149400,151424
831,(patch 99 62),(patch 0 34),0.06194015551892429,149400,151442
829,(patch 99 38),(patch 0 64),0.03257897823322276,147600,151459
836,(patch 0 63),(patch 61 0),0.05462004313775491,149400,151514
837,(patch 35 0),(patch 64 99),0.05537216992157977,149400,151649
830,(patch 99 36),(patch 99 63),0.04396043508205887,149400,151740
810,(patch 32 99),(patch 99 36),0.019859437079352348,145800,151950
839,(patch 61 99),(patch 38 0),0.044907789047761555,149400,152155
848,(patch 34 99),(patch 64 99),0.06181681219109712,151200,152793
845,(patch 99 61),(patch 64 0),0.05221206482735261,151200,153033
824,(patch 32 99),(patch 99 38),0.021288330598155446,147600,153086
849,(patch 99 62),(patch 0 32),0.06380975644058949,151200,153112
842,(patch 63 99),(patch 0 65),0.04907755155227019,151200,153262
844,(patch 65 99),(patch 34 0),0.061787647761069604,151200,153308
843,(patch 0 37),(patch 99 63),0.058190222189329864,151200,153355
847,(patch 60 0),(patch 0 36),0.04498846236329106,151200,153365
846,(patch 99 62),(patch 0 34),0.06190898531554308,151200,153418
782,(patch 35 0),(patch 99 63),0.009662667669929462,140400,153557
821,(patch 99 34),(patch 36 99),0.02113579800146375,147600,153576
838,(patch 99 63),(patch 0 36),0.025968196789042376,149400,154307
859,(patch 99 34),(patch 32 99),0.09385543250711577,153000,154341
858,(patch 63 0),(patch 65 99),0.060268893605951876,153000,154644
851,(patch 37 0),(patch 99 66),0.07184995477004627,153000,154711
856,(patch 37 99),(patch 35 0),0.047088333224758944,153000,155122
852,(patch 0 34),(patch 67 99),0.05671114035039249,153000,155300
841,(patch 36 99),(patch 37 0),0.023765056537383856,151200,155394
840,(patch 99 38),(patch 34 99),0.02909256048262173,151200,155584
857,(patch 62 0),(patch 35 99),0.04925258773382695,153000,155658
855,(patch 67 0),(patch 0 64),0.039583712445473415,153000,156079
861,(patch 66 0),(patch 32 99),0.07680149737873404,154800,156458
864,(patch 37 0),(patch 63 99),0.06863966228517218,154800,156678
850,(patch 39 0),(patch 0 60),0.028295325052621955,153000,156762
854,(patch 64 0),(patch 32 99),0.033498601992327494,153000,156927
867,(patch 60 0),(patch 37 99),0.054720128592342966,154800,157067
869,(patch 33 0),(patch 63 99),0.05592618893591921,154800,157088
868,(patch 39 99),(patch 99 67),0.04296484202229965,154800,157244
865,(patch 99 62),(patch 99 35),0.03867510993018193,154800,157250
860,(patch 0 66),(patch 65 99),0.030427722508498168,154800,157924
863,(patch 39 99),(patch 67 99),0.028837091135275928,154800,157932
878,(patch 34 0),(patch 99 39),0.06602139048765845,156600,158100
866,(patch 99 60),(patch 39 0),0.039225534294443094,154800,158145
876,(patch 32 99),(patch 61 99),0.053844418557235325,156600,158299
875,(patch 0 61),(patch 38 0),0.055609160141817354,156600,158380
874,(patch 65 0),(patch 0 67),0.062124394324099184,156600,158549
871,(patch 0 37),(patch 62 99),0.0649685176205818,156600,158566
879,(patch 62 0),(patch 35 99),0.057736155505929664,156600,158757
870,(patch 35 99),(patch 66 0),0.05204416898449518,156600,158940
872,(patch 0 60),(patch 37 0),0.03718690303599754,156600,159172
853,(patch 33 99),(patch 99 32),0.020246812688597977,153000,159536
877,(patch 99 35),(patch 39 99),0.03977144276861878,156600,159638
873,(patch 0 60),(patch 99 35),0.04117892712228515,156600,159662
885,(patch 36 0),(patch 33 99),0.07182702069923329,158400,159782
889,(patch 32 99),(patch 39 0),0.06981794196836323,158400,159822
882,(patch 63 0),(patch 0 34),0.04915714029474237,158400,160382
881,(patch 0 37),(patch 99 65),0.06119948961322049,158400,160384
887,(patch 0 39),(patch 64 0),0.04356793046073545,158400,160572
880,(patch 0 34),(patch 99 33),0.04530707120732689,158400,160580
884,(patch 0 64),(patch 99 63),0.039309090560171005,158400,160923
883,(patch 63 99),(patch 99 35),0.03902207423755834,158400,160991
888,(patch 67 0),(patch 32 99),0.05243413013267118,158400,161013
891,(patch 0 67),(patch 99 36),0.07965957854466518,160200,161763
898,(patch 0 36),(patch 35 99),0.0631936006290295,160200,161787
895,(patch 0 66),(patch 63 0),0.07101115143802154,160200,162013
892,(patch 62 99),(patch 63 0),0.05098782674442059,160200,162165
899,(patch 99 60),(patch 33 99),0.048130422454493615,160200,162316
896,(patch 63 99),(patch 0 33),0.054761892062471444,160200,162508
897,(patch 64 99),(patch 0 66),0.04131240513356804,160200,162721
894,(patch 65 99),(patch 0 37),0.042925152397084415,160200,163136
890,(patch 67 0),(patch 35 99),0.03976481197204935,160200,163349
886,(patch 99 66),(patch 33 0),0.024829699265089607,158400,163540
904,(patch 0 61),(patch 32 0),0.05243830676295265,162000,163781
905,(patch 99 36),(patch 0 66),0.06726008331452624,162000,163936
893,(patch 0 63),(patch 99 38),0.03369746757142753,160200,164229
900,(patch 35 0),(patch 64 99),0.05381575345651157,162000,164230
907,(patch 0 32),(patch 64 99),0.05880578540672589,162000,164252
909,(patch 67 99),(patch 36 0),0.05673917316245731,162000,164253
908,(patch 66 0),(patch 0 67),0.057297222533584054,162000,164282
903,(patch 0 35),(patch 38 99),0.04307930266016612,162000,164380
901,(patch 39 99),(patch 34 0),0.040011691514013806,162000,164502
902,(patch 60 0),(patch 0 63),0.04287843999315798,162000,164967
917,(patch 33 0),(patch 99 32),0.07296143646038175,163800,165159
915,(patch 99 33),(patch 0 62),0.061684404432442906,163800,165851
912,(patch 61 0),(patch 39 99),0.060262966212415815,163800,165887
914,(patch 0 62),(patch 65 0),0.06241997369318672,163800,165891
913,(patch 35 99),(patch 35 0),0.04646976579963771,163800,165976
918,(patch 62 99),(patch 37 99),0.04747790580772836,163800,166050
911,(patch 99 39),(patch 37 99),0.05691533175812611,163800,166247
906,(patch 66 99),(patch 0 35),0.030122469669623165,162000,166373
910,(patch 0 63),(patch 38 0),0.03763094531289525,163800,166489
916,(patch 64 0),(patch 37 99),0.04020637263237121,163800,166889
919,(patch 35 99),(patch 62 99),0.030584120159017677,163800,166922
921,(patch 67 99),(patch 34 99),0.05628639643240666,165600,167348
929,(patch 37 99),(patch 99 33),0.06588818226908817,165600,167489
924,(patch 33 0),(patch 0 61),0.051728605175312775,165600,167564
925,(patch 99 37),(patch 33 99),0.05954707921992337,165600,167648
926,(patch 0 66),(patch 0 33),0.04676083999195616,165600,167713
928,(patch 99 65),(patch 32 99),0.04857021343384455,165600,167732
922,(patch 0 36),(patch 66 99),0.05730857899349242,165600,167734
938,(patch 66 0),(patch 0 32),0.07373703319492712,167400,168718
930,(patch 35 0),(patch 37 99),0.06532185205023448,167400,168922
934,(patch 63 99),(patch 32 0),0.060596603032215604,167400,169439
933,(patch 32 0),(patch 99 64),0.06609471286935616,167400,169477
937,(patch 34 99),(patch 63 0),0.05535326012140307,167400,169632
939,(patch 99 34),(patch 0 63),0.05343266511894281,167400,169704
935,(patch 38 99),(patch 0 34),0.04119003075841906,167400,169863
932,(patch 36 99),(patch 65 0),0.04802566365088106,167400,170116
931,(patch 62 99),(patch 32 0),0.043870194391067624,167400,170134
920,(patch 32 0),(patch 99 64),0.027225663412259942,165600,170306
923,(patch 99 61),(patch 0 36),0.025151545195255188,165600,170557
948,(patch 63 99),(patch 65 0),0.061519092747196,169200,170805
927,(patch 99 61),(patch 0 38),0.024429949781084166,165600,170984
936,(patch 64 0),(patch 0 66),0.03260560813510675,167400,171151
949,(patch 0 35),(patch 65 99),0.061182637021003836,169200,171254
940,(patch 99 66),(patch 38 99),0.044973587482548004,169200,171400
943,(patch 62 0),(patch 0 60),0.0575333914872739,169200,171402
944,(patch 66 99),(patch 35 0),0.05428255289076452,169200,171495
942,(patch 36 0),(patch 32 99),0.04272571325814376,169200,171530
946,(patch 0 39),(patch 67 99),0.05018096859541913,169200,171749
945,(patch 99 67),(patch 0 37),0.04574587860945337,169200,171892
947,(patch 61 0),(patch 0 63),0.04301345282876143,169200,172259
959,(patch 99 61),(patch 0 34),0.09175553687947913,171000,172459
862,(patch 0 39),(patch 99 61),0.007191374930044558,154800,172636
956,(patch 0 63),(patch 99 37),0.07704911998831658,171000,172686
950,(patch 61 0),(patch 0 60),0.07949059846326924,171000,172753
958,(patch 60 0),(patch 0 35),0.05293844891420825,171000,172846
953,(patch 99 34),(patch 65 99),0.050829803091475986,171000,172920
957,(patch 64 0),(patch 0 61),0.06125281562334183,171000,173059
955,(patch 65 99),(patch 0 65),0.04701213099418545,171000,173103
951,(patch 65 99),(patch 36 0),0.058580731038699256,171000,173321
954,(patch 99 38),(patch 32 0),0.042832651056577756,171000,173347
952,(patch 0 39),(patch 0 61),0.03827666812131007,171000,173351
941,(patch 37 99),(patch 64 99),0.020000964856376327,169200,173973
964,(patch 99 61),(patch 99 33),0.08039475364974838,172800,174021
961,(patch 37 99),(patch 34 0),0.07320716589776755,172800,174148
965,(patch 37 0),(patch 65 99),0.07466358777277039,172800,174359
963,(patch 0 65),(patch 0 32),0.06044119738199942,172800,174480
969,(patch 0 67),(patch 99 64),0.056375488780795784,172800,174567
967,(patch 0 63),(patch 99 65),0.054053122212539266,172800,174650
968,(patch 99 39),(patch 0 64),0.06880992734172903,172800,174663
960,(patch 99 60),(patch 36 0),0.04717994105187107,172800,175510
974,(patch 0 66),(patch 0 37),0.06466398820058915,174600,176191
962,(patch 65 99),(patch 99 37),0.02525804892080831,172800,176708
978,(patch 99 35),(patch 99 65),0.04521395782453887,174600,176806
966,(patch 0 38),(patch 60 99),0.033146976117374334,172800,176813
975,(patch 99 32),(patch 35 99),0.057922769903828594,174600,176874
971,(patch 99 62),(patch 39 99),0.04304772758406677,174600,176958
970,(patch 0 61),(patch 99 39),0.048997229749487885,174600,176986
976,(patch 62 99),(patch 0 33),0.053855404774896615,174600,177022
972,(patch 32 0),(patch 60 99),0.04067739340147403,174600,177430
973,(patch 99 39),(patch 0 63),0.04279868165326709,174600,177528
986,(patch 99 67),(patch 99 35),0.06394108362322551,176400,177924
981,(patch 33 0),(patch 0 64),0.05751060072289117,176400,178196
977,(patch 0 35),(patch 99 64),0.0320042394557841,174600,178617
985,(patch 60 99),(patch 62 0),0.03922442507389611,176400,178961
982,(patch 0 34),(patch 64 0),0.03735289981769385,176400,179031
989,(patch 64 0),(patch 67 99),0.03777811048935921,176400,179033
980,(patch 99 35),(patch 32 99),0.05060284482821541,176400,179066
988,(patch 61 99),(patch 0 37),0.04290909694432085,176400,179383
998,(patch 99 61),(patch 0 33),0.07726470004994483,178200,179793
993,(patch 67 99),(patch 32 0),0.07346798104224597,178200,179837
992,(patch 61 99),(patch 0 39),0.07413072931700158,178200,179975
997,(patch 67 0),(patch 34 99),0.072012024081367,178200,180066
991,(patch 63 99),(patch 32 99),0.050364194873226444,178200,180081
994,(patch 0 65),(patch 61 0),0.0581565039221695,178200,180277
995,(patch 99 38),(patch 36 0),0.04465556066464306,178200,180387
990,(patch 64 99),(patch 0 63),0.046780027268457626,178200,180395
996,(patch 39 99),(patch 39 0),0.04099777394968575,178200,180637
1002,(patch 33 99),(patch 63 0),0.07328060274162142,180000,181736
987,(patch 99 63),(patch 99 32),0.01840094948778192,176400,181795
984,(patch 60 0),(patch 0 62),0.023368899764975377,176400,182064
1009,(patch 0 34),(patch 62 99),0.056478681160504016,180000,182160
999,(patch 99 35),(patch 33 99),0.032039654467962086,178200,182238
1005,(patch 61 99),(patch 32 99),0.04298262997791893,180000,182423
1008,(patch 0 33),(patch 66 0),0.040915155373177296,180000,182458
1007,(patch 0 60),(patch 99 61),0.03952488571449076,180000,182504
1004,(patch 99 65),(patch 0 60),0.03907322340501698,180000,182547
1001,(patch 0 63),(patch 99 32),0.04791556836462371,180000,182741
1006,(patch 37 0),(patch 65 99),0.04618888008117814,180000,182804
1015,(patch 67 0),(patch 63 99),0.07469421272936953,181800,183125
1014,(patch 0 65),(patch 66 99),0.07596127599789684,181800,183134
1013,(patch 62 0),(patch 60 99),0.07240955977070011,181800,183187
1017,(patch 0 62),(patch 61 0),0.06997234438360213,181800,183542
1000,(patch 99 64),(patch 60 0),0.02693183448383326,180000,183558
1010,(patch 62 99),(patch 0 64),0.05058432693475157,181800,183733
1011,(patch 37 99),(patch 99 33),0.06149884311162881,181800,183867
1012,(patch 60 99),(patch 0 39),0.05455824026951768,181800,184154
1016,(patch 61 0),(patch 67 99),0.04184477103027812,181800,184213
1019,(patch 0 36),(patch 99 62),0.052035981534146146,181800,184255
1018,(patch 62 0),(patch 60 99),0.04156678654358086,181800,184293
1024,(patch 65 0),(patch 99 64),0.08090924956263189,183600,184792
1003,(patch 0 36),(patch 33 99),0.020421835802292527,180000,184814
1022,(patch 32 99),(patch 64 99),0.05839024320175875,183600,185368
1029,(patch 60 99),(patch 99 39),0.05049817998233235,183600,185568
1026,(patch 0 60),(patch 99 33),0.058183445813858266,183600,185693
1027,(patch 66 99),(patch 38 99),0.04914896004826665,183600,185713
1020,(patch 62 0),(patch 64 99),0.045700836589479224,183600,185775
1021,(patch 67 99),(patch 0 36),0.04406186423249071,183600,186307
1028,(patch 0 66),(patch 61 0),0.03989576019888639,183600,186671
1023,(patch 0 36),(patch 67 99),0.040479575674327015,183600,186715
1025,(patch 64 99),(patch 0 37),0.041058742502742086,183600,186771
1032,(patch 39 99),(patch 61 99),0.06357715949059516,185400,187026
1037,(patch 32 0),(patch 36 99),0.05577649014851444,185400,187180
1030,(patch 39 99),(patch 64 0),0.061315068555191664,185400,187511
1038,(patch 0 38),(patch 64 99),0.054714831786587,185400,187575
1036,(patch 99 32),(patch 61 99),0.04073138933316356,185400,187899
1039,(patch 36 0),(patch 67 99),0.050225280013545724,185400,187936
1033,(patch 38 99),(patch 0 36),0.03594438872998606,185400,188129
979,(patch 62 99),(patch 0 34),0.00970156061729921,174600,188343
1046,(patch 39 99),(patch 61 99),0.06640135140214017,187200,188706
1031,(patch 99 32),(patch 0 64),0.039099726131644426,185400,188846
1049,(patch 60 99),(patch 0 38),0.07288999805761046,187200,188905
1048,(patch 65 0),(patch 0 61),0.06338451486598053,187200,189172
1042,(patch 0 32),(patch 62 0),0.04423367923473438,187200,189340
1044,(patch 36 0),(patch 99 39),0.04549734933495223,187200,189374
1043,(patch 34 99),(patch 66 0),0.05429053074765557,187200,189553
1047,(patch 99 34),(patch 32 99),0.05192455896452396,187200,189645
1045,(patch 38 0),(patch 99 65),0.0506718455359932,187200,189712
1041,(patch 99 67),(patch 36 0),0.05101442117166376,187200,189712
1034,(patch 0 37),(patch 99 35),0.021010493227495052,185400,190144
1055,(patch 0 63),(patch 99 67),0.07443247670748249,189000,190341
1057,(patch 39 0),(patch 65 99),0.08039033954812794,189000,190546
1053,(patch 32 0),(patch 39 99),0.05809282788356367,189000,190707
1054,(patch 32 99),(patch 99 60),0.04663708107758107,189000,191123
1056,(patch 62 99),(patch 33 0),0.05303067992344466,189000,191279
1059,(patch 0 39),(patch 0 66),0.042674224634814524,189000,191309
1052,(patch 99 32),(patch 33 0),0.042156325721158586,189000,191311
1050,(patch 0 61),(patch 67 0),0.04753482789011765,189000,191869
1058,(patch 65 99),(patch 0 37),0.04082466086847606,189000,192169
1062,(patch 32 0),(patch 0 62),0.0689580364270899,190800,192202
1065,(patch 39 0),(patch 63 0),0.06910635597660081,190800,192322
1060,(patch 32 99),(patch 99 65),0.05322094858283634,190800,192652
1067,(patch 0 63),(patch 61 0),0.05748662933609783,190800,192953
1051,(patch 65 0),(patch 0 66),0.03204203216656583,189000,192994
1068,(patch 39 0),(patch 39 99),0.039516989760155635,190800,193327
1064,(patch 33 99),(patch 99 39),0.046387133614300115,190800,193635
1075,(patch 38 99),(patch 38 0),0.07933541254117489,192600,193859
1077,(patch 63 0),(patch 37 99),0.08376435883020208,192600,194069
1069,(patch 61 99),(patch 0 32),0.04009420466692615,190800,194069
1063,(patch 0 64),(patch 66 0),0.03738678510186845,190800,194089
1071,(patch 39 0),(patch 99 32),0.062304283527669826,192600,194190
1072,(patch 0 66),(patch 37 0),0.055577275564294044,192600,194404
1078,(patch 67 99),(patch 38 0),0.05750497569065074,192600,194759
1040,(patch 62 99),(patch 0 32),0.016365293697370067,187200,195100
1066,(patch 99 39),(patch 99 60),0.02216469553402979,190800,195264
1079,(patch 99 39),(patch 36 99),0.04701915064301685,192600,195294
1073,(patch 0 34),(patch 65 99),0.046927613142474955,192600,195297
1086,(patch 33 0),(patch 33 99),0.07739597651973265,194400,195680
1076,(patch 39 0),(patch 99 66),0.04095567271594262,192600,195699
1087,(patch 66 0),(patch 36 0),0.0563765005939456,194400,196072
1081,(patch 0 65),(patch 60 99),0.04765094595397068,194400,196435
1089,(patch 99 35),(patch 99 62),0.04836988758712175,194400,196510
1070,(patch 32 0),(patch 34 99),0.024198069629503487,192600,196703
1035,(patch 99 62),(patch 36 0),0.011204313087837226,185400,196744
1083,(patch 99 33),(patch 0 64),0.05217055468394426,194400,196854
1061,(patch 0 39),(patch 64 99),0.020335210465044128,190800,197118
1074,(patch 38 0),(patch 66 99),0.026896030075657742,192600,197135
1082,(patch 99 61),(patch 0 35),0.04446844991936315,194400,197217
1088,(patch 0 64),(patch 0 37),0.03566866498868379,194400,197230
1085,(patch 0 37),(patch 64 99),0.03858327295625452,194400,197552
1094,(patch 99 62),(patch 99 35),0.07275490383795018,196200,197659
1080,(patch 99 34),(patch 0 60),0.03814819142199819,194400,197731
1095,(patch 39 99),(patch 60 99),0.05827081901350916,196200,197864
1093,(patch 99 33),(patch 99 63),0.05081975321118401,196200,198007
1091,(patch 0 32),(patch 61 0),0.053401478727009226,196200,198152
1097,(patch 66 0),(patch 0 67),0.05430130160274378,196200,198441
1098,(patch 32 0),(patch 99 62),0.05763179214553535,196200,198462
1099,(patch 0 60),(patch 99 36),0.05395869121547283,196200,198647
1090,(patch 0 63),(patch 62 99),0.03998993177794398,196200,198661
1092,(patch 99 61),(patch 37 99),0.03221059845079247,196200,199115
1096,(patch 61 0),(patch 0 64),0.043060257391209146,196200,199120
1108,(patch 0 62),(patch 99 60),0.07663035265032724,198000,199294
1102,(patch 34 99),(patch 33 0),0.06865751357316514,198000,199453
1107,(patch 39 0),(patch 63 99),0.055942712219986715,198000,200170
1103,(patch 64 0),(patch 34 99),0.04639399786689153,198000,200704
1105,(patch 0 67),(patch 99 38),0.04530907748748337,198000,200797
1115,(patch 61 99),(patch 35 99),0.08569623135921371,199800,200877
1100,(patch 37 99),(patch 60 99),0.03346017904289149,198000,200998
1119,(patch 0 65),(patch 67 99),0.08004194525806876,199800,201007
1114,(patch 39 99),(patch 0 35),0.0812853142513787,199800,201053
1118,(patch 36 0),(patch 0 65),0.060968576309907055,199800,201380
1113,(patch 64 0),(patch 39 0),0.06093868590971828,199800,201446
1106,(patch 37 99),(patch 62 0),0.03989647350369883,198000,201496
1104,(patch 36 99),(patch 99 38),0.035997484516164316,198000,201529
1112,(patch 66 99),(patch 36 0),0.06709447884462977,199800,201692
1101,(patch 0 38),(patch 99 61),0.029495827680148093,198000,202478
1124,(patch 38 99),(patch 0 33),0.08405008680059788,201600,202809
1126,(patch 60 0),(patch 34 0),0.06794794210473123,201600,202922
1123,(patch 32 0),(patch 34 99),0.07512685250259427,201600,202923
1117,(patch 99 60),(patch 34 0),0.03788747503458555,199800,203131
1110,(patch 65 99),(patch 0 38),0.036516533976759136,199800,203245
1109,(patch 0 38),(patch 99 61),0.024090115193159737,198000,203335
1129,(patch 32 0),(patch 99 67),0.06660208573434888,201600,203479
1128,(patch 99 35),(patch 0 63),0.05016775594443032,201600,204149
1127,(patch 32 99),(patch 61 99),0.03460170208932957,201600,204696
1120,(patch 0 66),(patch 99 32),0.03970522242204714,201600,204763
1136,(patch 60 0),(patch 64 99),0.07170540165637099,203400,204787
1122,(patch 64 99),(patch 0 39),0.03847098276046898,201600,204926
1121,(patch 38 99),(patch 99 36),0.03613421861278292,201600,205060
1138,(patch 99 62),(patch 99 38),0.05173515086492441,203400,205212
1111,(patch 99 62),(patch 0 67),0.01818788785938683,199800,205473
1132,(patch 34 99),(patch 99 66),0.048336885643087864,203400,205499
1133,(patch 33 99),(patch 38 0),0.04652033167205981,203400,205580
1137,(patch 62 0),(patch 34 99),0.048686710296592856,203400,205852
1134,(patch 99 33),(patch 36 99),0.04642345076062007,203400,206126
1135,(patch 0 32),(patch 0 67),0.035502876213208565,203400,206210
1125,(patch 0 67),(patch 63 0),0.025977920476464692,201600,206376
1139,(patch 35 99),(patch 99 37),0.04436417618575783,203400,206483
1130,(patch 99 62),(patch 37 0),0.039398172866712884,203400,206648
1146,(patch 39 0),(patch 39 99),0.0625858709421367,205200,206775
1116,(patch 38 0),(patch 99 63),0.016867047304196168,199800,206842
1131,(patch 32 0),(patch 99 38),0.02785350897464961,203400,206969
1145,(patch 0 65),(patch 99 63),0.04984925967788429,205200,207197
1140,(patch 0 67),(patch 99 37),0.0608312622127449,205200,207293
1141,(patch 61 99),(patch 0 66),0.046406794111489215,205200,207301
1144,(patch 0 60),(patch 99 36),0.04978025020152355,205200,207761
1149,(patch 99 35),(patch 0 60),0.04048771176319738,205200,208113
1148,(patch 60 0),(patch 0 62),0.04429861105397596,205200,208214
1152,(patch 32 99),(patch 67 99),0.07261037457561628,207000,208342
1142,(patch 99 37),(patch 0 37),0.026839995131930673,205200,208904
1153,(patch 33 99),(patch 99 66),0.0482402577741495,207000,209174
1156,(patch 38 0),(patch 99 63),0.05343314562076369,207000,209310
1157,(patch 99 38),(patch 0 39),0.041948554575713344,207000,209369
1158,(patch 99 35),(patch 0 65),0.05363242940036561,207000,209380
1143,(patch 0 39),(patch 99 34),0.02312422418048356,205200,209544
1155,(patch 39 99),(patch 99 35),0.04907927190836491,207000,209611
1159,(patch 64 0),(patch 33 99),0.0459041795368827,207000,209848
1154,(patch 0 62),(patch 99 35),0.035166261624952504,207000,210559
1151,(patch 99 62),(patch 0 35),0.035087546199318725,207000,210599
1165,(patch 0 35),(patch 99 35),0.050224672170953215,208800,210788
1167,(patch 32 0),(patch 60 99),0.060599141949750475,208800,210866
1166,(patch 99 67),(patch 0 38),0.05872869115591384,208800,211000
1161,(patch 0 33),(patch 99 35),0.044563576448663524,208800,211061
1163,(patch 99 37),(patch 38 99),0.05837994128254166,208800,211114
1168,(patch 67 0),(patch 37 0),0.045702759657563666,208800,211130
1169,(patch 99 35),(patch 0 60),0.05336194694533077,208800,211210
1160,(patch 62 0),(patch 35 99),0.05285987085075445,208800,211222
1175,(patch 39 99),(patch 0 34),0.08728717707936609,210600,211715
1162,(patch 67 0),(patch 64 99),0.03244433530850322,208800,211891
1177,(patch 99 35),(patch 99 63),0.07125161425915809,210600,212022
1178,(patch 66 99),(patch 33 0),0.08036234935629978,210600,212156
1179,(patch 35 99),(patch 0 39),0.04892489523003431,210600,212578
1174,(patch 0 60),(patch 99 63),0.050077885544329244,210600,212626
1164,(patch 0 66),(patch 63 99),0.024180671962490803,208800,212650
1173,(patch 64 0),(patch 32 99),0.05726026354818457,210600,212977
1176,(patch 0 63),(patch 99 35),0.050115794011581734,210600,213132
1172,(patch 65 0),(patch 34 99),0.04763417042963147,210600,213167
1171,(patch 0 34),(patch 99 61),0.03903588857076153,210600,213730
1180,(patch 99 63),(patch 0 61),0.06458797940406645,212400,213942
1182,(patch 60 99),(patch 0 62),0.06205380616644747,212400,213996
1184,(patch 99 36),(patch 99 61),0.060313399082214,212400,214070
1170,(patch 67 99),(patch 99 37),0.028057959936367748,210600,214175
1185,(patch 0 66),(patch 63 0),0.06927908685390209,212400,214218
1188,(patch 65 0),(patch 35 99),0.06707234266191901,212400,214277
1183,(patch 33 0),(patch 39 99),0.049761612284878375,212400,214396
1147,(patch 60 99),(patch 32 0),0.01277412056455709,205200,214580
1187,(patch 62 99),(patch 0 36),0.05828446163711496,212400,214689
1189,(patch 99 35),(patch 32 0),0.03585504473934545,212400,215011
1150,(patch 0 35),(patch 99 67),0.015243669709416737,207000,215432
1186,(patch 0 39),(patch 99 63),0.0403455731124834,212400,215490
1181,(patch 65 99),(patch 0 34),0.04260259022316812,212400,215591
1199,(patch 64 99),(patch 99 36),0.0644157113612104,214200,215734
1191,(patch 99 66),(patch 0 37),0.07062970272819327,214200,215971
1196,(patch 64 0),(patch 63 99),0.05162909115895606,214200,216167
1198,(patch 61 0),(patch 66 99),0.04753080788756255,214200,216330
1195,(patch 64 0),(patch 65 99),0.04281965404524512,214200,216536
1190,(patch 34 0),(patch 66 99),0.05369638884991055,214200,216554
1197,(patch 64 99),(patch 32 0),0.05397211007311678,214200,216562
1194,(patch 0 65),(patch 99 39),0.05278336247369115,214200,216574
1192,(patch 60 99),(patch 38 99),0.027314880822707006,214200,217493
1200,(patch 99 35),(patch 62 99),0.06072712382028191,216000,217604
1193,(patch 63 99),(patch 0 36),0.034708706944832704,214200,217874
1206,(patch 99 60),(patch 37 99),0.050712573895642286,216000,217879
1207,(patch 99 37),(patch 0 63),0.0587024718238841,216000,218147
1205,(patch 36 99),(patch 99 35),0.05208453985222026,216000,218378
1202,(patch 0 38),(patch 61 0),0.041465643860108196,216000,218411
1208,(patch 0 67),(patch 65 0),0.04891745887323262,216000,218573
1201,(patch 99 39),(patch 0 64),0.04289865414190178,216000,218919
1212,(patch 66 0),(patch 0 33),0.06474902926513298,217800,219272
1213,(patch 99 63),(patch 0 33),0.07991338927076107,217800,219419
1209,(patch 62 0),(patch 0 64),0.03332230050891336,216000,219706
1204,(patch 33 0),(patch 99 65),0.03324860509912262,216000,219797
1215,(patch 35 99),(patch 0 39),0.046488148051158106,217800,219986
1203,(patch 37 0),(patch 67 99),0.029552018652582338,216000,220290
1214,(patch 0 64),(patch 0 36),0.03405727191743908,217800,220478
1217,(patch 61 0),(patch 0 37),0.033629420055251553,217800,220769
1216,(patch 64 99),(patch 0 33),0.04235677178770591,217800,220792
1224,(patch 0 38),(patch 33 99),0.05832767670629005,219600,221309
1222,(patch 0 36),(patch 99 61),0.06651713079799201,219600,221465
1220,(patch 39 99),(patch 99 36),0.06586702227444811,219600,221479
1229,(patch 99 33),(patch 35 0),0.05019957129232268,219600,221497
1221,(patch 62 0),(patch 0 66),0.06452896411070545,219600,221623
1226,(patch 0 36),(patch 39 99),0.04841938653856644,219600,221689
1228,(patch 99 32),(patch 0 66),0.05779741119626358,219600,221709
1223,(patch 0 67),(patch 99 35),0.04786315171922566,219600,222376
1227,(patch 0 60),(patch 66 99),0.03404812941669745,219600,222437
1219,(patch 36 99),(patch 99 33),0.027443328342905967,217800,222539
1211,(patch 99 34),(patch 0 60),0.026832549315823375,217800,222569
1218,(patch 60 0),(patch 32 0),0.020488805326089085,217800,222576
1225,(patch 67 99),(patch 38 0),0.039146045419666216,219600,222847
1230,(patch 63 99),(patch 99 34),0.046679883252913466,221400,223393
1231,(patch 35 99),(patch 99 62),0.04960543325636348,221400,223472
1233,(patch 0 38),(patch 64 0),0.046485163090374836,221400,223554
1239,(patch 0 37),(patch 0 67),0.047914351179945164,221400,223585
1237,(patch 62 99),(patch 66 0),0.044553768548750636,221400,223645
1236,(patch 64 99),(patch 39 0),0.05074000659247593,221400,223782
1238,(patch 35 0),(patch 66 99),0.046964399495983786,221400,224143
1232,(patch 0 66),(patch 67 0),0.04271322056809003,221400,224430
1235,(patch 99 38),(patch 37 99),0.04122192234829502,221400,224436
1234,(patch 99 64),(patch 0 35),0.03817302308679444,221400,224551
1248,(patch 35 0),(patch 62 0),0.07664229574751434,223200,224576
1244,(patch 0 61),(patch 99 65),0.06860124160222662,223200,224638
1242,(patch 37 99),(patch 33 0),0.0680328862660098,223200,224664
1249,(patch 99 37),(patch 99 63),0.0624045269286403,223200,224863
1210,(patch 0 33),(patch 67 99),0.017661243805022712,217800,225056
1246,(patch 63 0),(patch 67 99),0.05145685153372362,223200,225139
1247,(patch 0 63),(patch 99 36),0.05785041183896032,223200,225295
1241,(patch 62 99),(patch 0 33),0.056315633566276,223200,225424
1245,(patch 63 0),(patch 32 99),0.05366602337660807,223200,225615
1255,(patch 0 66),(patch 64 99),0.07244098381445901,225000,226346
1252,(patch 0 38),(patch 63 0),0.06894173333376535,225000,226426
1250,(patch 60 0),(patch 63 99),0.06768054958043858,225000,226458
1243,(patch 99 37),(patch 0 63),0.039219114902774556,223200,226494
1253,(patch 64 0),(patch 0 36),0.06345020108078679,225000,226568
1256,(patch 62 0),(patch 39 99),0.07268711956753829,225000,226851
1257,(patch 0 36),(patch 64 99),0.06211653392752518,225000,227108
1251,(patch 64 0),(patch 0 65),0.05011339249560468,225000,227633
1259,(patch 0 67),(patch 99 32),0.04484651568005951,225000,227852
1258,(patch 0 65),(patch 99 32),0.045457214679879156,225000,227918
1261,(patch 32 0),(patch 63 0),0.05828506526422755,226800,228372
1269,(patch 39 0),(patch 37 99),0.06338368832702938,226800,228388
1265,(patch 0 34),(patch 0 60),0.05317294633892354,226800,228507
1263,(patch 38 99),(patch 61 99),0.05613489779904433,226800,228566
1240,(patch 38 99),(patch 99 32),0.02343117132290933,223200,228642
1254,(patch 64 99),(patch 0 34),0.028975486120399185,225000,229281
1268,(patch 0 33),(patch 36 99),0.04055063472928792,226800,229297
1264,(patch 39 0),(patch 0 62),0.038040478641422924,226800,229361
1270,(patch 38 0),(patch 67 0),0.07708274512804565,228600,229792
