0,(patch 99 78),(patch 99 23),0.054759777470873267,0,1769
1,(patch 99 22),(patch 99 75),0.05281520991927273,0,1826
9,(patch 78 0),(patch 21 99),0.06848375531694942,0,2229
5,(patch 78 0),(patch 21 0),0.03843250671271148,0,2719
2,(patch 0 76),(patch 99 78),0.03257454176251411,0,3045
11,(patch 99 75),(patch 21 99),0.07928995124482742,1800,3046
4,(patch 23 0),(patch 76 99),0.050168895076921176,0,3094
6,(patch 75 99),(patch 0 22),0.047795224945902375,0,3193
15,(patch 99 23),(patch 23 0),0.06494950590107472,1800,3345
18,(patch 22 99),(patch 77 99),0.059679796448157574,1800,3439
16,(patch 75 99),(patch 0 76),0.059687965587706525,1800,3455
19,(patch 78 0),(patch 99 78),0.05344217627373363,1800,3638
8,(patch 78 0),(patch 21 99),0.03839980506976871,0,3987
10,(patch 0 22),(patch 99 75),0.06310589887771487,1800,4200
3,(patch 0 22),(patch 75 99),0.03263058884744145,0,4639
14,(patch 0 76),(patch 21 0),0.032743623815926354,1800,4767
26,(patch 22 99),(patch 99 77),0.05693367274040332,3600,5339
29,(patch 21 0),(patch 78 0),0.05683171706091984,3600,5357
22,(patch 0 76),(patch 21 0),0.0514607800675656,3600,5542
24,(patch 99 24),(patch 24 99),0.07043362802511792,3600,5793
23,(patch 22 99),(patch 75 0),0.06554887190528857,3600,5976
17,(patch 0 23),(patch 99 75),0.03311536957433287,1800,6405
13,(patch 22 99),(patch 99 22),0.03110098678968915,1800,6742
7,(patch 21 0),(patch 0 75),0.01483679271573853,0,6759
32,(patch 0 76),(patch 0 21),0.0659729200534191,5400,6923
21,(patch 99 22),(patch 24 99),0.04505347341941986,3600,7125
36,(patch 24 99),(patch 24 0),0.050149596059143195,5400,7382
39,(patch 99 21),(patch 24 99),0.07711532521066346,5400,7387
33,(patch 0 21),(patch 0 75),0.04416349136908509,5400,7670
27,(patch 99 75),(patch 24 0),0.0358197578862568,3600,7878
30,(patch 22 0),(patch 77 99),0.05999070537510691,5400,7885
38,(patch 23 99),(patch 77 0),0.061108026724639185,5400,7918
12,(patch 0 77),(patch 99 22),0.025142359510906466,1800,7925
34,(patch 22 0),(patch 77 99),0.061070799758350246,5400,7926
28,(patch 99 23),(patch 75 99),0.020731847973686657,3600,8429
35,(patch 99 75),(patch 0 22),0.04918135295700942,5400,8548
25,(patch 22 0),(patch 99 76),0.031019139602383023,3600,8632
42,(patch 0 75),(patch 0 23),0.07019627681602912,7200,8633
20,(patch 77 99),(patch 0 24),0.029769890091221326,3600,8820
46,(patch 99 76),(patch 99 21),0.05901826974085398,7200,8856
47,(patch 21 99),(patch 0 21),0.050270124838453674,7200,9143
48,(patch 24 99),(patch 78 0),0.06815801948182294,7200,9454
40,(patch 99 78),(patch 77 0),0.04268647698372817,7200,9529
45,(patch 77 0),(patch 0 75),0.06702044057535515,7200,9531
31,(patch 99 22),(patch 21 99),0.034133287079740185,5400,9872
51,(patch 0 78),(patch 77 99),0.07258592387179794,9000,10379
43,(patch 0 76),(patch 75 0),0.04835548590849338,7200,10419
57,(patch 21 0),(patch 0 77),0.06645604887382565,9000,10481
44,(patch 0 21),(patch 99 77),0.04711584260259398,7200,10501
58,(patch 99 24),(patch 0 24),0.06217999304404912,9000,10600
52,(patch 0 78),(patch 0 21),0.05108769635644777,9000,10913
54,(patch 24 99),(patch 0 21),0.04891269760452758,9000,10993
55,(patch 24 0),(patch 76 0),0.046017078082481754,9000,11068
49,(patch 0 78),(patch 76 0),0.039319920613862816,7200,11174
56,(patch 0 78),(patch 75 0),0.06130314210087344,9000,11397
41,(patch 22 99),(patch 99 23),0.03342941594054968,7200,11621
61,(patch 76 0),(patch 0 24),0.08171693800114571,10800,12022
66,(patch 99 22),(patch 22 0),0.06911552608394667,10800,12183
69,(patch 24 0),(patch 22 99),0.07068737935462746,10800,12201
50,(patch 0 77),(patch 75 0),0.04541029931744893,9000,12371
64,(patch 76 99),(patch 76 0),0.052324064488063905,10800,12699
63,(patch 77 99),(patch 22 0),0.07980317218022034,10800,12724
60,(patch 21 0),(patch 22 99),0.04882725386862883,10800,12826
68,(patch 77 0),(patch 0 23),0.04675006907798472,10800,12923
37,(patch 99 76),(patch 0 23),0.019709843696254867,5400,13237
65,(patch 99 21),(patch 0 24),0.029147012431166925,10800,14357
76,(patch 22 0),(patch 0 78),0.052599702404812425,12600,14421
73,(patch 22 0),(patch 76 99),0.06610780845553557,12600,14907
79,(patch 0 21),(patch 99 78),0.06253636013588905,12600,15054
72,(patch 99 23),(patch 0 78),0.060318567675689015,12600,15153
74,(patch 75 99),(patch 23 0),0.060035443788922886,12600,15169
78,(patch 99 76),(patch 99 24),0.03834394455560401,12600,15170
59,(patch 99 23),(patch 0 78),0.02500787811059254,9000,15181
71,(patch 24 0),(patch 22 99),0.03742017337303854,12600,15244
75,(patch 0 23),(patch 75 99),0.05406690388938946,12600,15465
86,(patch 78 0),(patch 0 24),0.07610844665396671,14400,15707
62,(patch 99 22),(patch 22 99),0.030044559640101852,10800,15955
84,(patch 99 22),(patch 78 99),0.061600585247959014,14400,16018
87,(patch 23 0),(patch 23 99),0.055863716338505086,14400,16171
77,(patch 75 0),(patch 23 99),0.041980825560793585,12600,16298
82,(patch 77 99),(patch 22 0),0.07498275938994207,14400,16470
89,(patch 78 0),(patch 24 99),0.06429461060863345,14400,16758
88,(patch 78 99),(patch 24 0),0.061426711985454206,14400,16890
83,(patch 99 75),(patch 22 0),0.058817369423911234,14400,16995
96,(patch 99 78),(patch 99 22),0.05862905285556314,16200,17893
70,(patch 0 76),(patch 75 0),0.028711858127570974,12600,18149
92,(patch 76 0),(patch 21 99),0.07506769521274019,16200,18208
98,(patch 23 0),(patch 78 99),0.07075526447394292,16200,18440
80,(patch 0 76),(patch 76 0),0.03739021966339277,14400,18543
93,(patch 23 0),(patch 0 75),0.038731349412121384,16200,18844
90,(patch 22 0),(patch 0 76),0.03732517504856537,16200,18899
99,(patch 22 99),(patch 78 0),0.056451150304536776,16200,18922
97,(patch 99 75),(patch 0 78),0.03304883887136604,16200,19189
94,(patch 21 99),(patch 99 23),0.05144894148148505,16200,19223
53,(patch 99 22),(patch 22 99),0.015004932910819812,9000,19322
85,(patch 99 21),(patch 22 0),0.020600713263001693,14400,19337
107,(patch 99 21),(patch 77 99),0.068872064658396,18000,19459
81,(patch 99 24),(patch 22 99),0.02949731527160115,14400,19559
95,(patch 99 75),(patch 99 23),0.030684628907403276,16200,19590
106,(patch 21 0),(patch 0 76),0.05971662798704139,18000,19665
108,(patch 22 99),(patch 99 76),0.05904920558422263,18000,19689
67,(patch 76 0),(patch 99 77),0.011419715950311392,10800,19819
101,(patch 0 76),(patch 78 99),0.041130784587387406,18000,20418
109,(patch 77 0),(patch 0 78),0.05961733765160398,18000,20602
105,(patch 99 23),(patch 0 76),0.051119398060971294,18000,20953
104,(patch 0 23),(patch 75 99),0.050144535066702016,18000,20980
118,(patch 99 76),(patch 77 0),0.07877704741768495,19800,21014
110,(patch 24 99),(patch 0 24),0.07627459402461291,19800,21097
119,(patch 99 78),(patch 0 76),0.0661477391462943,19800,21295
102,(patch 0 21),(patch 21 99),0.028401214407395712,18000,21451
100,(patch 77 99),(patch 21 0),0.042995354320878997,18000,21654
115,(patch 75 0),(patch 23 99),0.0751388288086121,19800,21893
111,(patch 76 99),(patch 21 0),0.05732378667545901,19800,22432
114,(patch 0 78),(patch 24 0),0.03594903727368068,19800,22540
103,(patch 0 75),(patch 77 0),0.030526399675903874,18000,22961
91,(patch 76 0),(patch 99 77),0.014959050017369902,16200,23096
123,(patch 21 0),(patch 0 77),0.06661988428702131,21600,23102
129,(patch 99 24),(patch 24 0),0.061346427015793174,21600,23214
120,(patch 77 0),(patch 0 23),0.060038355579996,21600,23225
116,(patch 99 75),(patch 0 21),0.043090398490332533,19800,23449
117,(patch 76 99),(patch 23 0),0.04055464941592273,19800,23571
124,(patch 22 99),(patch 76 0),0.0628720342216009,21600,24060
122,(patch 0 78),(patch 99 23),0.059791441898353344,21600,24119
128,(patch 0 75),(patch 99 77),0.0324874418535425,21600,24642
126,(patch 99 76),(patch 22 0),0.049821508648453555,21600,24648
136,(patch 76 0),(patch 99 76),0.07410542790513029,23400,24716
125,(patch 22 99),(patch 99 23),0.04680849126822879,21600,24822
132,(patch 24 0),(patch 0 76),0.06937207714616046,23400,24838
138,(patch 99 23),(patch 76 99),0.05974804388745907,23400,25039
131,(patch 78 99),(patch 21 0),0.06730566942893355,23400,25681
127,(patch 99 76),(patch 23 0),0.035926107402408855,21600,25813
133,(patch 78 99),(patch 22 99),0.038716059080142466,23400,25957
137,(patch 21 99),(patch 99 75),0.038078799961333634,23400,25989
135,(patch 0 75),(patch 99 24),0.04807281590422306,23400,26687
139,(patch 0 24),(patch 76 99),0.04736517808915202,23400,26689
113,(patch 99 75),(patch 99 21),0.014738733285094749,19800,26729
149,(patch 0 21),(patch 99 22),0.05372969013074916,25200,27041
148,(patch 76 99),(patch 0 22),0.08000019477548159,25200,27089
130,(patch 99 78),(patch 0 22),0.04048789780499207,23400,27200
146,(patch 99 23),(patch 21 0),0.04666505363159835,25200,27335
141,(patch 99 77),(patch 77 0),0.04484685611407344,25200,27386
142,(patch 24 99),(patch 99 24),0.06937749695354961,25200,27446
147,(patch 77 99),(patch 78 0),0.043509461065074743,25200,27486
145,(patch 24 99),(patch 75 99),0.04150950706434543,25200,27497
121,(patch 24 99),(patch 99 23),0.024661588070315956,21600,27785
140,(patch 0 22),(patch 99 78),0.0481575807817918,25200,28427
134,(patch 21 99),(patch 77 0),0.029078722832221498,23400,28782
158,(patch 21 99),(patch 99 23),0.07043427460549795,27000,29177
143,(patch 0 22),(patch 99 76),0.03572840165168089,25200,29517
155,(patch 75 99),(patch 24 0),0.061977706752021036,27000,29546
151,(patch 75 99),(patch 0 24),0.05796933086088359,27000,29572
160,(patch 21 99),(patch 24 0),0.07884244286612153,28800,30053
154,(patch 77 0),(patch 0 75),0.04819198431820662,27000,30164
157,(patch 76 0),(patch 0 76),0.047222919813674984,27000,30183
152,(patch 99 24),(patch 24 99),0.04797761845767408,27000,30234
161,(patch 78 99),(patch 76 0),0.06874674299870076,28800,30241
164,(patch 24 99),(patch 99 77),0.06507546885447266,28800,30279
159,(patch 22 99),(patch 76 99),0.029643359330474198,27000,30280
162,(patch 0 75),(patch 99 76),0.060821614500156655,28800,30427
153,(patch 78 0),(patch 23 99),0.04318014639365515,27000,30563
150,(patch 0 77),(patch 75 0),0.04237138495757838,27000,30618
169,(patch 76 0),(patch 0 75),0.07036670816199694,28800,30896
163,(patch 24 0),(patch 99 24),0.04657780601420085,28800,30922
165,(patch 77 0),(patch 0 77),0.06401030967926974,28800,31201
144,(patch 76 99),(patch 99 22),0.01674563909692407,25200,31341
166,(patch 99 21),(patch 0 76),0.05437601769634394,28800,31601
175,(patch 24 0),(patch 77 0),0.07454107928868912,30600,31934
176,(patch 24 99),(patch 22 0),0.051747609786717115,30600,32521
177,(patch 21 0),(patch 77 0),0.05017248906604678,30600,32604
174,(patch 21 0),(patch 0 75),0.0455783337230123,30600,32742
178,(patch 0 23),(patch 76 99),0.05539734863960229,30600,33338
185,(patch 0 78),(patch 75 99),0.0839548467933971,32400,33574
168,(patch 99 24),(patch 0 75),0.031067409212063347,28800,33698
181,(patch 22 99),(patch 76 99),0.06496575261488256,32400,33893
172,(patch 99 22),(patch 0 78),0.046176604125896664,30600,33914
180,(patch 0 21),(patch 23 99),0.05317791123640706,32400,34272
188,(patch 99 23),(patch 0 75),0.07489801148338134,32400,34475
186,(patch 99 75),(patch 23 0),0.07079500616672134,32400,34538
179,(patch 99 77),(patch 21 0),0.03873183567286353,30600,34600
184,(patch 99 24),(patch 21 99),0.06232949222445033,32400,34877
182,(patch 21 99),(patch 78 0),0.061249421215741215,32400,34939
187,(patch 78 99),(patch 22 99),0.03443164143527434,32400,35220
189,(patch 99 76),(patch 0 24),0.047025688524976114,32400,35547
196,(patch 22 99),(patch 77 99),0.061819458457917656,34200,35747
198,(patch 75 0),(patch 77 99),0.05822496681863158,34200,35897
193,(patch 0 22),(patch 99 21),0.05683122295148471,34200,35950
112,(patch 75 99),(patch 99 23),0.006181008857942749,19800,36005
156,(patch 77 0),(patch 0 75),0.01694491825995588,27000,36101
191,(patch 0 21),(patch 21 99),0.042727827321371266,34200,36550
197,(patch 99 22),(patch 76 99),0.04112153337143686,34200,36642
199,(patch 76 0),(patch 0 75),0.059236282264697605,34200,36767
190,(patch 21 99),(patch 99 23),0.0571412037314095,34200,36923
195,(patch 99 78),(patch 22 99),0.030904722703447133,34200,37298
209,(patch 0 24),(patch 22 99),0.07100816212308173,36000,37400
200,(patch 22 99),(patch 78 0),0.0910469873380386,36000,37663
201,(patch 75 99),(patch 0 76),0.0577180966736659,36000,37733
205,(patch 0 77),(patch 99 76),0.05310452879130515,36000,37881
207,(patch 99 76),(patch 0 76),0.05064556249053198,36000,37964
206,(patch 0 78),(patch 76 0),0.07405941727964309,36000,38095
204,(patch 77 99),(patch 0 24),0.06607702725710783,36000,38377
183,(patch 99 24),(patch 22 0),0.016217561772957603,32400,38701
203,(patch 24 99),(patch 99 24),0.05351417877627582,36000,38881
213,(patch 24 0),(patch 23 99),0.08853970242307743,37800,38915
219,(patch 0 22),(patch 23 99),0.06664853546923043,37800,39247
211,(patch 99 77),(patch 22 99),0.06516667475137232,37800,39344
202,(patch 0 76),(patch 99 23),0.046314728717197676,36000,39346
214,(patch 0 22),(patch 75 0),0.06376804995796999,37800,39415
218,(patch 78 99),(patch 22 0),0.0877228940256181,37800,39593
212,(patch 77 0),(patch 0 77),0.07889218705469284,37800,39759
192,(patch 99 22),(patch 22 99),0.02639013310887515,34200,40081
170,(patch 21 0),(patch 77 99),0.01617981040191807,30600,40162
167,(patch 0 23),(patch 76 99),0.013116370553324123,28800,40620
227,(patch 0 77),(patch 0 22),0.07970914592655849,39600,40868
208,(patch 99 21),(patch 23 99),0.031644082853166576,36000,40895
171,(patch 99 78),(patch 23 0),0.014764238415249032,30600,41042
225,(patch 24 99),(patch 77 99),0.06712998948576085,39600,41046
220,(patch 0 78),(patch 75 99),0.06954614074040538,39600,41067
217,(patch 23 0),(patch 99 22),0.0286803098505353,37800,41123
228,(patch 77 99),(patch 99 23),0.06511902271045127,39600,41129
223,(patch 76 99),(patch 21 99),0.06231003794350514,39600,41130
215,(patch 0 76),(patch 76 0),0.04621967627124145,37800,41145
224,(patch 75 0),(patch 77 99),0.05084822656012519,39600,41559
221,(patch 77 99),(patch 0 22),0.07964175373995135,39600,41573
216,(patch 99 22),(patch 0 22),0.0256041084464206,37800,41699
229,(patch 0 76),(patch 99 24),0.0704523427347617,39600,41818
194,(patch 0 22),(patch 76 99),0.020329254056995424,34200,41825
226,(patch 0 75),(patch 99 24),0.061444776228150685,39600,42062
210,(patch 99 21),(patch 21 99),0.031879006785523065,37800,42623
222,(patch 0 78),(patch 0 21),0.03418347199909747,39600,42696
231,(patch 77 99),(patch 99 22),0.05421744923207992,41400,43201
237,(patch 99 23),(patch 23 0),0.04937204992337263,41400,43406
232,(patch 0 77),(patch 75 0),0.07199303801650095,41400,43567
236,(patch 78 99),(patch 21 0),0.05380131775561161,41400,44221
238,(patch 0 78),(patch 77 0),0.05413652237287397,41400,44252
173,(patch 0 23),(patch 99 78),0.011222655974260368,30600,44332
247,(patch 0 23),(patch 99 24),0.06290775883805182,43200,44774
243,(patch 76 0),(patch 99 78),0.06031333439402866,43200,44783
230,(patch 0 24),(patch 23 99),0.0298149061968542,41400,44808
239,(patch 21 0),(patch 99 75),0.04352643587919022,41400,44982
241,(patch 0 77),(patch 22 0),0.05061658351719252,43200,45172
240,(patch 24 99),(patch 75 99),0.04712722016180553,43200,45348
244,(patch 0 24),(patch 99 78),0.061552940955703093,43200,45642
246,(patch 75 0),(patch 21 99),0.06070517989192322,43200,45714
234,(patch 99 75),(patch 21 0),0.03408129785990657,41400,45854
248,(patch 77 0),(patch 23 99),0.05305063867409854,43200,46110
245,(patch 23 0),(patch 75 99),0.0514986269046559,43200,46134
252,(patch 77 0),(patch 99 78),0.08766515528585057,45000,46135
249,(patch 0 76),(patch 99 22),0.04842839225663847,43200,46376
233,(patch 0 23),(patch 22 99),0.01907104345752064,41400,46693
258,(patch 21 99),(patch 0 24),0.05858205693246603,45000,46693
242,(patch 24 99),(patch 76 0),0.04271128136521397,43200,46764
254,(patch 22 0),(patch 99 78),0.07205148818726025,45000,47121
255,(patch 22 0),(patch 0 76),0.043059355103210434,45000,47304
256,(patch 0 23),(patch 99 75),0.057438663909379246,45000,47665
266,(patch 23 99),(patch 77 99),0.06504959191092663,46800,48250
263,(patch 24 99),(patch 0 21),0.0696655796615857,46800,48266
260,(patch 78 99),(patch 99 24),0.0644009995854823,46800,48322
250,(patch 77 99),(patch 0 24),0.04406512901021455,45000,48493
269,(patch 77 99),(patch 0 21),0.08307139512304375,46800,48633
264,(patch 0 21),(patch 99 78),0.08444483875758226,46800,48639
257,(patch 99 23),(patch 0 78),0.036019299790386344,45000,49116
262,(patch 99 76),(patch 21 99),0.03663081102048706,46800,49545
268,(patch 24 0),(patch 99 75),0.05250091420100327,46800,49760
267,(patch 24 99),(patch 99 22),0.05208968168083176,46800,49768
261,(patch 75 99),(patch 0 77),0.03219637898764981,46800,49792
275,(patch 76 0),(patch 22 0),0.05617506412443618,48600,50335
235,(patch 76 99),(patch 23 0),0.016966508972521766,41400,50470
272,(patch 75 99),(patch 22 0),0.07774640392304495,48600,50554
273,(patch 75 99),(patch 0 24),0.07251521550599453,48600,50715
251,(patch 24 0),(patch 23 99),0.01788718778100945,45000,50773
276,(patch 0 24),(patch 77 99),0.060494161770209304,48600,51187
284,(patch 22 99),(patch 22 0),0.0927498106744963,50400,51469
253,(patch 99 21),(patch 22 99),0.02387225977394984,45000,51632
278,(patch 22 0),(patch 77 99),0.0513031739924026,48600,51695
286,(patch 0 22),(patch 99 24),0.0730270678660412,50400,51756
279,(patch 23 99),(patch 99 24),0.04619595649774369,48600,51798
274,(patch 21 99),(patch 99 75),0.030377488472153578,48600,51940
282,(patch 0 75),(patch 99 23),0.06358980443739291,50400,52827
287,(patch 99 75),(patch 21 0),0.0551091915161644,50400,53169
271,(patch 0 78),(patch 99 22),0.032262568163733726,48600,53348
265,(patch 76 0),(patch 0 75),0.02305058816168121,46800,53410
294,(patch 24 99),(patch 75 99),0.08012131090345812,52200,53411
296,(patch 78 99),(patch 76 0),0.06719162497073387,52200,53671
289,(patch 99 22),(patch 0 78),0.04574731918467182,50400,53717
285,(patch 78 99),(patch 21 0),0.04438188791409882,50400,53860
297,(patch 24 99),(patch 22 0),0.05957006274080864,52200,53901
290,(patch 0 23),(patch 23 99),0.055481745547802816,52200,54076
277,(patch 76 99),(patch 23 0),0.02750570465963132,48600,54115
299,(patch 22 0),(patch 0 77),0.04790985901247062,52200,54247
293,(patch 21 99),(patch 75 0),0.06126656228057194,52200,54700
298,(patch 77 0),(patch 21 0),0.03828480673665854,52200,54720
281,(patch 0 75),(patch 99 22),0.03542982269431357,50400,54741
283,(patch 0 23),(patch 0 75),0.02167032748449366,50400,54880
292,(patch 0 23),(patch 99 21),0.032212480986452505,52200,55276
306,(patch 0 77),(patch 0 23),0.07676421995549769,54000,55278
288,(patch 75 99),(patch 22 0),0.02946022737135388,50400,55558
304,(patch 76 99),(patch 0 78),0.05639395650390312,54000,55789
302,(patch 0 22),(patch 99 76),0.08623089185641514,54000,55830
309,(patch 23 0),(patch 99 75),0.06988438097764903,54000,56213
308,(patch 0 22),(patch 99 78),0.06366695393790951,54000,56484
307,(patch 23 0),(patch 77 99),0.05940710572032955,54000,56548
303,(patch 78 99),(patch 21 0),0.055724522621863386,54000,56706
305,(patch 99 22),(patch 0 75),0.05323596965403956,54000,56927
300,(patch 0 76),(patch 76 0),0.05235616801316508,54000,56931
280,(patch 23 99),(patch 75 99),0.015975636758205413,50400,56949
295,(patch 99 76),(patch 22 0),0.031133814711456067,52200,57103
314,(patch 21 99),(patch 99 78),0.05430000705930271,55800,57613
318,(patch 76 99),(patch 22 0),0.07631292778689126,55800,57790
317,(patch 22 99),(patch 99 21),0.0640536465996389,55800,58244
315,(patch 23 99),(patch 24 0),0.039927358805395254,55800,58334
312,(patch 21 0),(patch 99 22),0.035059500801627556,55800,58591
313,(patch 0 22),(patch 75 99),0.054320810928145204,55800,58617
301,(patch 23 0),(patch 99 78),0.03213694100908338,54000,58779
319,(patch 23 99),(patch 78 0),0.04652300442496114,55800,59071
323,(patch 23 99),(patch 0 23),0.0673194730189531,57600,59098
324,(patch 23 0),(patch 99 21),0.06336102800735863,57600,59189
310,(patch 24 99),(patch 99 23),0.04570710317018565,55800,59292
327,(patch 99 75),(patch 22 99),0.049807447261577854,57600,59576
311,(patch 78 0),(patch 24 99),0.039857540341641864,55800,59665
328,(patch 24 99),(patch 99 24),0.052916142448595785,57600,60393
321,(patch 0 75),(patch 99 76),0.03569364843280929,57600,60393
330,(patch 0 24),(patch 99 22),0.08928146527932479,59400,60510
316,(patch 22 99),(patch 76 0),0.031453857694921025,55800,60687
337,(patch 0 77),(patch 78 99),0.0745287342311931,59400,60712
320,(patch 99 21),(patch 23 99),0.04913826782026736,57600,60735
333,(patch 0 77),(patch 0 21),0.06650963472003837,59400,60827
325,(patch 99 22),(patch 0 75),0.04510794355914315,57600,61082
322,(patch 0 78),(patch 99 22),0.042514424507571744,57600,61220
334,(patch 24 99),(patch 0 23),0.05145370582596196,59400,61336
331,(patch 23 99),(patch 78 0),0.07228736125998489,59400,61565
339,(patch 0 22),(patch 99 21),0.04262177325286589,59400,61736
338,(patch 0 75),(patch 99 77),0.04128755956326756,59400,61794
291,(patch 99 77),(patch 22 0),0.015757994609090473,52200,62053
332,(patch 24 0),(patch 78 99),0.0559243640867304,59400,62198
335,(patch 21 0),(patch 99 78),0.051542465118267725,59400,62383
336,(patch 24 0),(patch 76 99),0.048623645710654036,59400,62517
326,(patch 78 0),(patch 22 99),0.03041134037919468,57600,62653
343,(patch 0 22),(patch 99 76),0.08288385832872423,61200,63043
341,(patch 22 0),(patch 99 76),0.07988135545867434,61200,63130
344,(patch 0 75),(patch 21 0),0.04994996047092737,61200,63237
348,(patch 78 0),(patch 99 77),0.04371969913980866,61200,63501
340,(patch 99 23),(patch 0 77),0.06478385097743827,61200,63573
329,(patch 99 21),(patch 24 99),0.02610454306720529,57600,63578
345,(patch 99 23),(patch 21 99),0.05695764938238933,61200,63804
347,(patch 78 0),(patch 0 78),0.05447896226315764,61200,64019
357,(patch 22 99),(patch 76 99),0.07572974418050332,63000,64278
346,(patch 77 99),(patch 0 78),0.03195748518643516,61200,64278
351,(patch 77 0),(patch 0 21),0.06044612293455184,63000,64614
359,(patch 0 75),(patch 0 21),0.061010254234185705,63000,64666
356,(patch 22 99),(patch 0 23),0.05760119246906738,63000,64755
349,(patch 0 77),(patch 23 0),0.027582979333961737,61200,64799
354,(patch 78 0),(patch 0 24),0.05484405113101898,63000,64829
342,(patch 0 23),(patch 78 99),0.04105097572652013,61200,64865
355,(patch 0 22),(patch 76 0),0.051995128776711294,63000,64887
358,(patch 0 21),(patch 23 99),0.0490248807650567,63000,65027
270,(patch 75 99),(patch 75 0),0.00630448696373691,48600,65116
350,(patch 0 78),(patch 23 0),0.04636878498514525,63000,65151
353,(patch 75 99),(patch 22 0),0.06100944859605009,63000,65491
352,(patch 99 24),(patch 24 99),0.05673013006975682,63000,65691
360,(patch 99 78),(patch 75 0),0.0713381452081143,64800,66181
364,(patch 23 0),(patch 0 76),0.06684929579002905,64800,66274
362,(patch 99 21),(patch 77 99),0.058423516528355715,64800,66499
369,(patch 0 23),(patch 76 99),0.07741934414705667,64800,66793
366,(patch 21 0),(patch 99 78),0.06953090717416703,64800,67044
361,(patch 76 0),(patch 24 99),0.060232996854914816,64800,67312
367,(patch 78 0),(patch 24 99),0.056939138354599725,64800,67473
370,(patch 99 78),(patch 0 77),0.09021261739246157,66600,67693
365,(patch 0 21),(patch 77 0),0.03336188057700921,64800,67725
368,(patch 99 77),(patch 22 0),0.05057120817848482,64800,67825
379,(patch 76 99),(patch 99 21),0.06976595767790944,66600,68015
374,(patch 0 23),(patch 21 99),0.06169876266658902,66600,68205
363,(patch 76 99),(patch 22 0),0.04490959605850668,64800,68209
377,(patch 99 24),(patch 0 21),0.06022613705254701,66600,68243
373,(patch 99 78),(patch 0 77),0.05700083878829599,66600,68347
376,(patch 21 0),(patch 0 75),0.04446863420606326,66600,68808
378,(patch 75 99),(patch 0 22),0.05975651605305762,66600,69132
381,(patch 0 23),(patch 0 75),0.06874014264006281,68400,69896
380,(patch 99 23),(patch 99 76),0.060163007557774754,68400,70029
386,(patch 23 99),(patch 99 24),0.07469695444187335,68400,70486
372,(patch 99 77),(patch 24 0),0.03965249377191079,66600,70499
385,(patch 23 99),(patch 21 0),0.045814134761962055,68400,70587
388,(patch 0 23),(patch 78 99),0.05911279889513733,68400,70976
384,(patch 24 99),(patch 0 21),0.03642227981342801,68400,71119
387,(patch 0 21),(patch 24 99),0.03509718518672467,68400,71252
382,(patch 75 0),(patch 24 99),0.05210818592741819,68400,71404
371,(patch 0 23),(patch 99 24),0.019967386856969038,66600,71585
389,(patch 99 76),(patch 22 0),0.043390125021083636,68400,71865
390,(patch 0 77),(patch 99 75),0.05010229312939056,70200,72185
392,(patch 0 21),(patch 99 24),0.047632495319832165,70200,72274
375,(patch 99 22),(patch 0 78),0.027389837262067507,66600,72306
396,(patch 0 22),(patch 78 0),0.04289749590123548,70200,72483
399,(patch 24 99),(patch 99 78),0.04346152545520436,70200,72507
394,(patch 23 99),(patch 99 24),0.06330323967663455,70200,72598
398,(patch 21 99),(patch 78 0),0.0633358216070107,70200,72609
397,(patch 77 99),(patch 0 77),0.04104171394411032,70200,72662
383,(patch 0 77),(patch 0 24),0.021249136979185606,68400,72841
408,(patch 24 0),(patch 99 23),0.06822385660156494,72000,73444
395,(patch 0 24),(patch 75 99),0.045773424230453004,70200,73464
409,(patch 22 0),(patch 0 76),0.06159049813266458,72000,73621
402,(patch 22 99),(patch 77 99),0.058249318151781644,72000,73646
401,(patch 75 0),(patch 99 78),0.05540400050859274,72000,73813
403,(patch 21 0),(patch 99 23),0.04404450242141264,72000,74220
407,(patch 75 99),(patch 0 78),0.0423119685005658,72000,74384
393,(patch 77 0),(patch 24 0),0.02294954163344487,70200,74538
405,(patch 22 99),(patch 24 0),0.03918564015290618,72000,74562
391,(patch 23 0),(patch 77 99),0.03409211923820568,70200,74669
400,(patch 77 99),(patch 21 99),0.034612664492346984,72000,74739
411,(patch 99 77),(patch 21 99),0.0775433726550093,73800,75054
410,(patch 99 21),(patch 24 0),0.06605933052220568,73800,75319
418,(patch 99 21),(patch 99 78),0.06435516056578099,73800,75349
414,(patch 75 99),(patch 99 22),0.059887977630479323,73800,75443
412,(patch 75 99),(patch 99 22),0.05328886493371046,73800,75631
404,(patch 0 78),(patch 78 0),0.04067237954655443,72000,75712
417,(patch 24 99),(patch 0 22),0.04576744170604371,73800,75990
406,(patch 99 77),(patch 99 21),0.023417441499979527,72000,76125
413,(patch 23 0),(patch 77 0),0.03955181429988112,73800,76274
416,(patch 0 21),(patch 77 99),0.05654485038063683,73800,76513
426,(patch 22 99),(patch 99 78),0.06853827949935608,75600,77035
425,(patch 0 77),(patch 76 99),0.06018054758737286,75600,77249
421,(patch 99 75),(patch 99 23),0.04271593928635025,75600,78045
428,(patch 24 99),(patch 77 99),0.03944912639732827,75600,78124
424,(patch 99 77),(patch 75 0),0.03839459909457443,75600,78190
420,(patch 75 99),(patch 99 23),0.03484568432287349,75600,78361
429,(patch 0 78),(patch 99 24),0.05100585070261839,75600,78588
423,(patch 99 76),(patch 23 0),0.049372382231906146,75600,78716
427,(patch 76 99),(patch 0 24),0.045551541904413906,75600,78867
438,(patch 0 76),(patch 75 99),0.06007354358652412,77400,79075
431,(patch 0 76),(patch 99 77),0.05659453841760295,77400,79162
430,(patch 0 21),(patch 99 22),0.05137772209652201,77400,79351
419,(patch 0 78),(patch 99 22),0.027849353453751904,73800,79387
422,(patch 99 76),(patch 23 0),0.040611761275437995,75600,79422
435,(patch 24 0),(patch 99 77),0.05587556495668074,77400,80110
433,(patch 22 99),(patch 99 22),0.0548236305909315,77400,80204
434,(patch 78 0),(patch 0 75),0.049086059070530014,77400,80508
447,(patch 77 99),(patch 75 0),0.07089864523714856,79200,80593
448,(patch 99 78),(patch 23 99),0.0707310771087962,79200,80601
432,(patch 76 99),(patch 0 22),0.046232590702077164,77400,80692
445,(patch 0 78),(patch 77 99),0.06435387319768351,79200,80711
444,(patch 0 76),(patch 21 0),0.05681796736959837,79200,80914
440,(patch 76 99),(patch 78 0),0.05015476123982698,79200,81185
446,(patch 76 99),(patch 78 0),0.04535964668715099,79200,81414
443,(patch 23 99),(patch 75 99),0.0406553223927335,79200,81726
449,(patch 99 77),(patch 23 0),0.0567119830303837,79200,81896
442,(patch 99 75),(patch 21 0),0.05312292696720053,79200,82108
441,(patch 0 75),(patch 0 23),0.03254152757975378,79200,82190
451,(patch 78 99),(patch 0 75),0.07436389919944918,81000,82318
439,(patch 22 0),(patch 99 23),0.020223443556442917,77400,82445
436,(patch 0 78),(patch 99 24),0.029937120635602523,77400,82732
450,(patch 0 24),(patch 77 0),0.05403483304664316,81000,82812
453,(patch 0 22),(patch 75 0),0.05383552503245361,81000,82842
437,(patch 0 22),(patch 76 99),0.02786901473757207,77400,82911
452,(patch 99 24),(patch 77 99),0.05137790470868369,81000,82950
459,(patch 22 0),(patch 24 99),0.04580537389148278,81000,83207
455,(patch 99 77),(patch 21 0),0.06174242727798211,81000,83520
415,(patch 78 0),(patch 0 78),0.016186111614472063,73800,83666
457,(patch 0 75),(patch 99 23),0.045485673106501805,81000,84360
458,(patch 99 77),(patch 23 0),0.04374191574448095,81000,84532
460,(patch 76 99),(patch 99 21),0.056590618279013544,82800,84565
456,(patch 0 77),(patch 78 99),0.026435876532635873,81000,84783
467,(patch 78 99),(patch 0 22),0.06987865017473815,82800,84998
465,(patch 99 23),(patch 99 78),0.04441264059335972,82800,85078
463,(patch 0 75),(patch 99 23),0.06616005752154724,82800,85084
468,(patch 99 77),(patch 99 21),0.039064947233154665,82800,85312
461,(patch 99 76),(patch 0 21),0.058355294253302284,82800,85357
473,(patch 0 24),(patch 23 99),0.08535412965085204,84600,85752
454,(patch 99 21),(patch 75 99),0.020000309333259896,81000,85798
474,(patch 99 76),(patch 0 75),0.07891404360600614,84600,85849
472,(patch 99 78),(patch 0 77),0.07179033097525825,84600,85981
477,(patch 0 76),(patch 0 22),0.06795642027332495,84600,86068
476,(patch 99 22),(patch 77 99),0.06663369973238191,84600,86091
479,(patch 99 24),(patch 23 0),0.06589980593980571,84600,86098
469,(patch 23 99),(patch 77 0),0.044601415456592707,82800,86179
470,(patch 77 99),(patch 99 22),0.06126627754475268,84600,86207
466,(patch 0 77),(patch 77 0),0.044422025979842863,82800,86276
464,(patch 0 76),(patch 78 0),0.038614830922970904,82800,86801
462,(patch 21 0),(patch 99 75),0.036527000200415556,82800,86842
471,(patch 99 21),(patch 23 99),0.05942584605273325,84600,87198
483,(patch 23 0),(patch 0 76),0.08133387663687335,86400,87620
475,(patch 75 0),(patch 0 77),0.04251887613005122,84600,88136
486,(patch 99 22),(patch 75 99),0.04383694227711712,86400,88606
485,(patch 24 0),(patch 75 99),0.06371750594426297,86400,88806
478,(patch 22 99),(patch 99 23),0.034918044185291645,84600,88957
484,(patch 21 99),(patch 99 23),0.059394309212879054,86400,88961
489,(patch 99 23),(patch 21 0),0.037383825969931936,86400,89010
487,(patch 21 99),(patch 99 24),0.0580361056264541,86400,89024
482,(patch 99 24),(patch 0 78),0.05881569277878844,86400,89024
480,(patch 22 99),(patch 0 21),0.034180526471845094,86400,89247
492,(patch 75 0),(patch 0 24),0.05355056584396249,88200,90049
497,(patch 99 22),(patch 0 24),0.05087540267747519,88200,90152
490,(patch 21 99),(patch 22 0),0.05022944657759262,88200,90186
481,(patch 23 99),(patch 77 99),0.02597484563383945,86400,90280
496,(patch 99 75),(patch 24 0),0.06815647788811989,88200,90443
495,(patch 76 0),(patch 0 76),0.06238790783200272,88200,90614
498,(patch 78 0),(patch 22 99),0.06212919141351234,88200,90637
494,(patch 77 0),(patch 0 78),0.05259942496593094,88200,91256
488,(patch 99 77),(patch 0 23),0.03119822560039208,86400,91306
505,(patch 21 99),(patch 22 0),0.06394872530216703,90000,91546
509,(patch 0 75),(patch 75 0),0.07950352281957083,90000,91903
499,(patch 21 99),(patch 0 21),0.02676547492455109,88200,91921
500,(patch 78 99),(patch 22 99),0.04884791418214316,90000,91974
493,(patch 99 76),(patch 99 21),0.02534362740965383,88200,92089
502,(patch 22 99),(patch 0 21),0.04646254108359396,90000,92128
504,(patch 75 0),(patch 21 0),0.04322225269887204,90000,92255
501,(patch 78 0),(patch 99 77),0.03664195083059179,90000,92682
516,(patch 75 99),(patch 21 99),0.06838458764227914,91800,93174
519,(patch 78 0),(patch 76 99),0.06885262612509639,91800,93244
506,(patch 77 99),(patch 99 22),0.028176066173668378,90000,93483
491,(patch 0 75),(patch 78 0),0.027381120965487327,88200,93835
513,(patch 21 0),(patch 24 99),0.04784495728984485,91800,93866
515,(patch 21 99),(patch 21 0),0.04236754871032175,91800,94140
518,(patch 78 0),(patch 0 75),0.06462380575782416,91800,94216
514,(patch 22 99),(patch 99 21),0.06196480941080332,91800,94269
507,(patch 76 0),(patch 24 99),0.031503252849325,90000,95018
510,(patch 99 23),(patch 0 78),0.04214136453851511,91800,95383
526,(patch 99 77),(patch 23 99),0.05069836661067094,93600,95585
512,(patch 23 0),(patch 78 99),0.03959516728086126,91800,95658
517,(patch 0 23),(patch 99 77),0.03558163610415797,91800,96097
523,(patch 78 99),(patch 0 22),0.05622750416280471,93600,96346
525,(patch 99 75),(patch 24 0),0.05379209494100519,93600,96489
535,(patch 0 78),(patch 99 77),0.08676571900597657,95400,96540
539,(patch 0 78),(patch 99 76),0.08130530203285341,95400,96616
531,(patch 22 99),(patch 99 76),0.07760534420834546,95400,96681
524,(patch 76 99),(patch 22 0),0.04657010205665028,93600,96936
530,(patch 99 76),(patch 76 0),0.06325689160851261,95400,97006
528,(patch 75 99),(patch 21 0),0.04275402776472372,93600,97200
538,(patch 23 99),(patch 99 76),0.047698778291620836,95400,97419
521,(patch 77 0),(patch 0 78),0.03916801901474479,93600,97585
527,(patch 76 0),(patch 99 78),0.02440783156165644,93600,97767
536,(patch 0 78),(patch 99 75),0.036693071545007325,95400,98156
537,(patch 99 22),(patch 0 78),0.056566247509705424,95400,98174
533,(patch 23 0),(patch 76 99),0.05537727484084229,95400,98201
534,(patch 99 23),(patch 0 75),0.05331605823242304,95400,98247
545,(patch 99 78),(patch 76 0),0.08144502210061957,97200,98411
532,(patch 78 99),(patch 77 0),0.032826705515028205,95400,98453
549,(patch 99 75),(patch 22 99),0.0605968809787687,97200,98842
544,(patch 22 0),(patch 99 24),0.05587626981590733,97200,98994
508,(patch 75 99),(patch 23 0),0.01760853337879821,90000,99012
541,(patch 76 0),(patch 99 77),0.05077889476064422,97200,99187
503,(patch 99 76),(patch 21 0),0.015533090324615731,90000,99702
547,(patch 0 75),(patch 76 99),0.035997746439258044,97200,100026
522,(patch 22 99),(patch 0 23),0.01531534273743523,93600,100166
543,(patch 99 21),(patch 0 76),0.049045577526393824,97200,100311
546,(patch 99 77),(patch 22 0),0.04713111729884191,97200,100389
542,(patch 77 99),(patch 0 22),0.04802461317146019,97200,100453
557,(patch 99 23),(patch 99 77),0.058601183925724006,99000,100650
558,(patch 75 99),(patch 23 99),0.056919192764136775,99000,100709
555,(patch 21 99),(patch 21 0),0.056441888253423826,99000,100754
551,(patch 0 76),(patch 77 99),0.04735839122421049,99000,101089
550,(patch 99 77),(patch 0 78),0.04495944226632908,99000,101233
556,(patch 0 75),(patch 99 23),0.06929406019219218,99000,101238
511,(patch 76 0),(patch 0 78),0.01620257157544239,91800,101407
540,(patch 78 99),(patch 21 99),0.02308623550424459,97200,101519
548,(patch 21 0),(patch 99 78),0.03481731880339257,97200,101582
554,(patch 77 0),(patch 21 99),0.05313755059283857,99000,101796
567,(patch 99 76),(patch 0 78),0.08803240785231704,100800,101922
552,(patch 99 75),(patch 22 0),0.05064929685912416,99000,102021
566,(patch 24 99),(patch 23 0),0.0790582429709452,100800,102048
559,(patch 99 77),(patch 0 75),0.031217111165726886,99000,102217
564,(patch 0 78),(patch 0 22),0.06601875321300742,100800,102326
553,(patch 0 77),(patch 77 0),0.04317642262706398,99000,102619
562,(patch 0 78),(patch 0 24),0.04432356972857169,100800,102986
569,(patch 75 99),(patch 21 99),0.0378796978412886,100800,103428
568,(patch 0 75),(patch 99 22),0.05216068670465309,100800,103760
565,(patch 78 0),(patch 0 77),0.0503787476147026,100800,103761
574,(patch 75 99),(patch 23 99),0.08548832753316929,102600,103804
561,(patch 0 21),(patch 76 99),0.04717901688977644,100800,104005
571,(patch 99 77),(patch 75 0),0.06940211352173045,102600,104018
560,(patch 24 0),(patch 99 75),0.043450763585060746,100800,104277
579,(patch 23 0),(patch 0 75),0.05536577999049637,102600,104433
578,(patch 0 22),(patch 24 99),0.04916539556765768,102600,104660
572,(patch 78 99),(patch 0 23),0.07416934062485783,102600,104696
529,(patch 99 75),(patch 23 0),0.01380388265436212,93600,104818
576,(patch 22 0),(patch 99 78),0.06714011098577258,102600,104903
573,(patch 99 23),(patch 0 77),0.053050159317665546,102600,105571
563,(patch 0 22),(patch 75 0),0.02092314294987875,100800,105671
570,(patch 23 99),(patch 99 23),0.04574750088572068,102600,106085
582,(patch 24 0),(patch 0 75),0.05428044383828404,104400,106256
589,(patch 22 99),(patch 77 0),0.07881671091807012,104400,106384
588,(patch 21 99),(patch 78 0),0.0743812523687394,104400,106488
585,(patch 23 0),(patch 0 77),0.04880010340477244,104400,106596
586,(patch 23 0),(patch 99 24),0.04267591178582548,104400,106650
587,(patch 76 0),(patch 23 99),0.05668516519821727,104400,107093
577,(patch 75 99),(patch 0 22),0.033301471633465654,102600,107100
584,(patch 0 75),(patch 78 0),0.04828679712251593,104400,107504
581,(patch 76 0),(patch 0 78),0.046779401259747416,104400,107736
580,(patch 0 22),(patch 76 99),0.04481265718094749,104400,107749
595,(patch 77 0),(patch 22 0),0.05972632805620536,106200,107789
583,(patch 23 0),(patch 99 76),0.04348939096250632,104400,107880
596,(patch 99 24),(patch 22 0),0.055293900114899916,106200,107998
592,(patch 0 21),(patch 99 78),0.08109108659091341,106200,108132
594,(patch 76 99),(patch 24 99),0.048941626544083204,106200,108167
575,(patch 0 24),(patch 99 75),0.02717802944581497,102600,108416
597,(patch 24 99),(patch 77 0),0.06057621725454267,106200,108778
591,(patch 75 0),(patch 21 99),0.0538138959615435,106200,109057
604,(patch 21 99),(patch 99 78),0.06946268966377775,108000,109425
605,(patch 99 77),(patch 0 75),0.06804492432710324,108000,109457
608,(patch 24 99),(patch 0 22),0.06475195817390343,108000,109557
601,(patch 99 23),(patch 77 99),0.05458220462893941,108000,109768
606,(patch 78 0),(patch 22 99),0.07149912475432468,108000,110133
593,(patch 99 21),(patch 0 76),0.03900334144213236,106200,110164
602,(patch 0 77),(patch 78 0),0.05955926029677264,108000,110563
599,(patch 76 0),(patch 21 99),0.03400991895385735,106200,110653
607,(patch 0 23),(patch 75 99),0.05392150003659706,108000,110924
609,(patch 99 76),(patch 0 78),0.032895416761105016,108000,111039
615,(patch 99 75),(patch 0 75),0.06633110549560423,109800,111286
613,(patch 0 78),(patch 78 99),0.06462257604586422,109800,111325
598,(patch 77 99),(patch 21 0),0.029165993402441637,106200,111397
590,(patch 99 22),(patch 24 99),0.02933205125220509,106200,111473
610,(patch 75 99),(patch 99 22),0.058046486928997165,109800,111499
618,(patch 0 24),(patch 76 0),0.05210877778699815,109800,111769
617,(patch 99 24),(patch 23 99),0.06813601373650137,109800,112034
616,(patch 24 0),(patch 99 76),0.0662774825205739,109800,112144
603,(patch 21 99),(patch 76 0),0.03660515997361305,108000,112234
600,(patch 99 78),(patch 78 0),0.023114159700757714,108000,112317
611,(patch 21 0),(patch 99 77),0.05016603439140363,109800,112812
626,(patch 78 99),(patch 23 99),0.07716360109025283,111600,112874
622,(patch 0 24),(patch 99 23),0.07499350810862189,111600,112924
619,(patch 99 22),(patch 0 77),0.04885408744788768,109800,113009
620,(patch 23 99),(patch 22 0),0.0700599752441298,111600,113057
629,(patch 23 99),(patch 77 99),0.06097776876412204,111600,113198
614,(patch 0 77),(patch 99 21),0.041459829773955834,109800,113491
621,(patch 21 99),(patch 22 0),0.046221120815069246,111600,113777
628,(patch 24 99),(patch 0 24),0.04588708364675169,111600,113840
623,(patch 24 99),(patch 76 0),0.06583096676355628,111600,113888
625,(patch 99 21),(patch 21 99),0.05602363550576041,111600,114330
624,(patch 22 99),(patch 99 23),0.052090777445965346,111600,114536
630,(patch 0 76),(patch 0 23),0.07805009260051163,113400,114630
612,(patch 77 0),(patch 0 76),0.03137542176007936,109800,114661
638,(patch 0 22),(patch 0 77),0.0670419550286008,113400,114889
634,(patch 0 78),(patch 0 24),0.06348403303675193,113400,114988
637,(patch 99 77),(patch 76 0),0.059642242043492937,113400,115046
633,(patch 0 22),(patch 99 21),0.05471131428016487,113400,115228
639,(patch 77 99),(patch 0 78),0.05437524590486742,113400,115234
635,(patch 77 0),(patch 24 99),0.061815561673381154,113400,115874
636,(patch 23 0),(patch 21 99),0.03904397806184408,113400,115951
631,(patch 21 0),(patch 99 76),0.05025246158005954,113400,116378
645,(patch 76 99),(patch 78 0),0.07787180750344731,115200,116472
632,(patch 0 76),(patch 99 21),0.04975347036742238,113400,116480
627,(patch 0 24),(patch 77 99),0.03145822781879719,111600,116511
649,(patch 99 75),(patch 24 99),0.05967755742199007,115200,116860
641,(patch 77 0),(patch 76 99),0.054514026860818854,115200,117023
648,(patch 99 78),(patch 0 24),0.05403397966094909,115200,118058
644,(patch 99 23),(patch 0 77),0.05180618652626719,115200,118132
642,(patch 0 75),(patch 99 21),0.05121139093920398,115200,118139
643,(patch 99 78),(patch 22 0),0.04678420222402944,115200,118452
640,(patch 24 0),(patch 99 76),0.04706664726879608,115200,118509
646,(patch 0 22),(patch 99 78),0.04268517626980958,115200,118720
659,(patch 0 75),(patch 78 99),0.05111220543392171,117000,118946
655,(patch 0 76),(patch 99 76),0.05107465910853617,117000,118967
647,(patch 99 76),(patch 0 23),0.040357025827937806,115200,118995
656,(patch 99 23),(patch 23 99),0.0637877664469649,117000,119479
657,(patch 75 0),(patch 23 0),0.03623185654431352,117000,119665
653,(patch 99 77),(patch 0 21),0.0503501103265834,117000,120034
667,(patch 23 99),(patch 0 23),0.07512153982807093,118800,120124
658,(patch 21 0),(patch 99 76),0.049067279457672114,117000,120163
669,(patch 24 0),(patch 75 0),0.06262671108304838,118800,120358
654,(patch 0 24),(patch 99 78),0.045125241555497006,117000,120368
662,(patch 23 0),(patch 78 99),0.07127155395931745,118800,120980
664,(patch 75 99),(patch 0 23),0.05856664291139067,118800,121425
666,(patch 99 21),(patch 23 99),0.05454354009222046,118800,121542
670,(patch 77 99),(patch 76 0),0.08025946119467814,120600,121834
678,(patch 0 77),(patch 24 0),0.07444196405109053,120600,121921
650,(patch 99 76),(patch 23 0),0.03116605288313047,117000,122014
661,(patch 24 99),(patch 76 0),0.04494051321763077,118800,122134
671,(patch 99 23),(patch 99 76),0.056694038142158044,120600,122331
665,(patch 0 75),(patch 99 21),0.04050895436685701,118800,122479
651,(patch 77 0),(patch 21 99),0.027927413077071077,117000,122551
663,(patch 99 76),(patch 0 24),0.040484420932980096,118800,122629
675,(patch 99 77),(patch 23 99),0.043907611871859833,120600,122838
668,(patch 78 99),(patch 0 22),0.03417066214469955,118800,123262
677,(patch 0 22),(patch 75 99),0.056940331220954786,120600,123326
673,(patch 0 77),(patch 99 22),0.050178667021831075,120600,123695
682,(patch 23 0),(patch 76 0),0.06692043796893603,122400,123911
689,(patch 99 21),(patch 21 99),0.09871338551836241,122400,123972
679,(patch 0 23),(patch 99 76),0.04501168512635266,120600,123982
687,(patch 75 0),(patch 99 75),0.06228850899745974,122400,123995
652,(patch 24 99),(patch 22 0),0.014430979067729647,117000,124177
660,(patch 22 99),(patch 76 99),0.01887297292520268,118800,124225
683,(patch 75 99),(patch 99 23),0.047346693813372115,122400,124443
672,(patch 99 24),(patch 0 76),0.03831791947527938,120600,124578
685,(patch 0 21),(patch 77 99),0.06870957541556115,122400,124650
684,(patch 24 99),(patch 78 0),0.05987258365870432,122400,124997
676,(patch 24 99),(patch 77 0),0.03265787141828034,120600,125346
696,(patch 23 0),(patch 99 22),0.08655011267541089,124200,125370
680,(patch 23 0),(patch 99 78),0.05105703675586432,122400,125372
692,(patch 76 0),(patch 24 0),0.06729297692903151,124200,125640
674,(patch 99 75),(patch 0 24),0.02881057804780792,120600,125935
693,(patch 22 0),(patch 75 99),0.07698151433396815,124200,126154
688,(patch 99 78),(patch 24 0),0.03880571557481665,122400,126392
699,(patch 99 21),(patch 0 75),0.06719453769373321,124200,126451
697,(patch 99 23),(patch 99 76),0.03602118666764645,124200,127017
691,(patch 24 0),(patch 0 77),0.034339518629786146,124200,127062
694,(patch 99 77),(patch 21 99),0.03327694037473869,124200,127187
709,(patch 99 24),(patch 0 23),0.06831008782514415,126000,127453
681,(patch 99 76),(patch 0 22),0.02992903121266327,122400,127462
686,(patch 99 22),(patch 0 75),0.029503952634442717,122400,127595
695,(patch 77 0),(patch 21 99),0.04391529165542841,124200,127683
700,(patch 78 99),(patch 22 0),0.06564758203210085,126000,128286
702,(patch 99 22),(patch 0 76),0.06356602963879573,126000,128419
690,(patch 99 23),(patch 99 75),0.023221141744668453,124200,128448
701,(patch 77 99),(patch 21 0),0.058950432695226186,126000,128595
705,(patch 21 0),(patch 75 99),0.05115585305263326,126000,128975
708,(patch 77 0),(patch 76 99),0.03275427923499053,126000,129027
704,(patch 0 76),(patch 22 0),0.03151656118992681,126000,129102
714,(patch 24 99),(patch 99 78),0.06704999664938419,127800,129288
715,(patch 99 23),(patch 0 21),0.05542519492797997,127800,129620
703,(patch 99 76),(patch 0 23),0.04169516036911101,126000,129637
717,(patch 0 78),(patch 24 0),0.05262633960682454,127800,129659
716,(patch 99 78),(patch 78 0),0.0511830024052593,127800,129711
718,(patch 0 23),(patch 99 77),0.07347844411215242,127800,129848
706,(patch 21 99),(patch 99 22),0.04001702902195618,126000,129988
711,(patch 99 21),(patch 0 78),0.059034052031976356,127800,130383
719,(patch 75 99),(patch 99 22),0.03766908818825503,127800,130403
710,(patch 76 0),(patch 99 76),0.035309782657981924,127800,130543
728,(patch 99 77),(patch 78 0),0.09595004518382645,129600,130620
698,(patch 99 76),(patch 23 0),0.023451787402643604,124200,130637
726,(patch 99 78),(patch 77 0),0.07549732483159287,129600,130899
723,(patch 24 99),(patch 77 99),0.06606119226379684,129600,131066
727,(patch 0 77),(patch 0 21),0.0572613459013773,129600,131296
724,(patch 78 0),(patch 75 99),0.056553279028355954,129600,131392
713,(patch 75 0),(patch 0 75),0.03904890658828061,127800,131552
729,(patch 0 24),(patch 99 23),0.04772758908762385,129600,131680
720,(patch 99 24),(patch 21 99),0.07134425614588799,129600,131751
259,(patch 24 99),(patch 76 0),0.0019743659303044594,45000,132020
721,(patch 99 23),(patch 23 99),0.060807372989629724,129600,132160
725,(patch 99 22),(patch 0 77),0.05653181652299702,129600,132312
737,(patch 99 23),(patch 21 0),0.08949561845503098,131400,132498
722,(patch 24 0),(patch 99 75),0.05239873001879145,129600,132505
736,(patch 0 76),(patch 77 99),0.0763776462974548,131400,132730
738,(patch 22 99),(patch 0 23),0.057402529420672345,131400,133134
734,(patch 99 77),(patch 22 99),0.04405878964602862,131400,133672
732,(patch 99 22),(patch 24 99),0.06152582067693143,131400,133913
735,(patch 0 76),(patch 0 23),0.03980920293917908,131400,133993
730,(patch 0 77),(patch 76 99),0.03785041903194738,131400,134106
731,(patch 99 23),(patch 21 99),0.04989229096748014,131400,134472
743,(patch 77 0),(patch 99 75),0.0668199875903758,133200,134675
748,(patch 24 99),(patch 24 0),0.05415341159730831,133200,135033
741,(patch 99 22),(patch 0 21),0.04780092739533737,133200,135288
740,(patch 76 99),(patch 22 0),0.07217894505144988,133200,135313
712,(patch 76 0),(patch 21 99),0.020540573735962964,127800,135364
742,(patch 99 22),(patch 22 99),0.06730448992877759,133200,135511
746,(patch 76 0),(patch 0 75),0.06724921810697629,133200,135529
744,(patch 99 77),(patch 22 0),0.06497412026845077,133200,135581
747,(patch 0 77),(patch 99 21),0.0534736869309278,133200,135990
739,(patch 0 78),(patch 76 0),0.030084123822362762,131400,136450
758,(patch 0 78),(patch 99 78),0.06015129739028588,135000,136659
757,(patch 21 0),(patch 99 23),0.053996905367586605,135000,136860
756,(patch 21 0),(patch 99 78),0.06581653178221941,135000,137338
749,(patch 77 0),(patch 0 75),0.03691972187171245,133200,137343
755,(patch 0 75),(patch 0 23),0.03866931381099178,135000,137409
745,(patch 77 99),(patch 24 0),0.03555549986752889,133200,137443
707,(patch 21 99),(patch 75 0),0.013942323074871072,126000,137521
754,(patch 75 0),(patch 21 99),0.055946818266946606,135000,137729
759,(patch 76 99),(patch 0 75),0.035670610673718364,135000,137785
760,(patch 77 0),(patch 0 22),0.06347709507589683,136800,138347
762,(patch 99 75),(patch 0 21),0.08299339545295452,136800,138641
753,(patch 23 99),(patch 78 0),0.037797625716656506,135000,139094
767,(patch 76 0),(patch 99 77),0.042243262404604284,136800,139181
769,(patch 78 0),(patch 21 99),0.05998817288837751,136800,139376
761,(patch 78 0),(patch 21 99),0.05210436724516764,136800,139777
751,(patch 99 78),(patch 24 0),0.030859707179291564,135000,140012
776,(patch 75 0),(patch 21 0),0.06285307387154272,138600,140168
772,(patch 22 99),(patch 0 23),0.060369441984873644,138600,140283
752,(patch 99 21),(patch 24 99),0.029541196031442413,135000,140319
777,(patch 99 21),(patch 23 0),0.057322997903943,138600,140341
770,(patch 23 99),(patch 99 77),0.058595531163155905,138600,140342
764,(patch 77 99),(patch 0 23),0.04087081215251018,136800,140442
771,(patch 99 78),(patch 0 24),0.08117152333162157,138600,140481
768,(patch 21 99),(patch 75 99),0.0265668747208474,136800,140503
750,(patch 78 99),(patch 23 0),0.02754782282671329,135000,140523
778,(patch 21 99),(patch 77 99),0.0509324390139423,138600,140591
766,(patch 78 99),(patch 23 99),0.025173824152380297,136800,140929
765,(patch 0 24),(patch 99 76),0.03535875600380762,136800,141062
775,(patch 24 99),(patch 75 0),0.06143011845644083,138600,141108
774,(patch 76 0),(patch 21 99),0.054813384121430025,138600,141342
779,(patch 76 0),(patch 0 78),0.05181470859407277,138600,141617
781,(patch 24 99),(patch 0 21),0.06974498619393943,140400,141847
789,(patch 24 99),(patch 21 0),0.05826314600159717,140400,142145
773,(patch 0 76),(patch 78 0),0.04136215947071244,138600,142192
782,(patch 99 22),(patch 0 24),0.044940412783618905,140400,142601
784,(patch 0 24),(patch 23 99),0.043597070468109414,140400,142680
788,(patch 0 78),(patch 75 99),0.0423837614071519,140400,142697
780,(patch 76 0),(patch 0 76),0.060788972596272174,140400,142862
786,(patch 23 99),(patch 76 0),0.05876369581789089,140400,143032
787,(patch 99 24),(patch 0 76),0.050361015783664885,140400,143352
785,(patch 99 24),(patch 0 23),0.03270242263516343,140400,143446
763,(patch 76 0),(patch 23 99),0.022686196543616043,136800,143561
733,(patch 22 99),(patch 75 0),0.01279975823967323,131400,143591
795,(patch 0 24),(patch 23 99),0.0615363554340193,142200,143806
794,(patch 75 0),(patch 21 99),0.08835815177281431,142200,143925
790,(patch 75 0),(patch 0 24),0.045992126030252954,142200,144397
799,(patch 24 99),(patch 78 99),0.04300324513590199,142200,144505
793,(patch 22 99),(patch 77 99),0.041162025549617544,142200,144642
796,(patch 99 76),(patch 99 21),0.03614877665310654,142200,144902
804,(patch 24 0),(patch 99 22),0.07476009017624678,144000,145333
807,(patch 77 0),(patch 78 99),0.06450328851126626,144000,145531
783,(patch 99 75),(patch 21 0),0.030136326864134214,140400,145590
802,(patch 99 78),(patch 75 0),0.053052886053052487,144000,145824
800,(patch 99 21),(patch 76 99),0.05239597983329187,144000,145886
803,(patch 24 0),(patch 99 76),0.07706098659234523,144000,146031
801,(patch 24 99),(patch 99 75),0.047094483342605846,144000,146127
792,(patch 99 77),(patch 24 0),0.03707160378167244,142200,146412
791,(patch 0 22),(patch 78 99),0.0360589863949807,142200,146427
798,(patch 0 77),(patch 77 0),0.03554714704330982,142200,146447
808,(patch 21 0),(patch 76 99),0.055683138178972726,144000,146756
806,(patch 99 23),(patch 24 99),0.05359115300463301,144000,146859
813,(patch 24 0),(patch 99 24),0.07797089591373056,145800,147067
819,(patch 99 77),(patch 99 22),0.07003051694500448,145800,147202
811,(patch 99 21),(patch 75 99),0.05954779115982258,145800,147455
809,(patch 23 99),(patch 99 24),0.04144721597263477,144000,147718
817,(patch 99 21),(patch 0 22),0.04763853012931806,145800,147904
814,(patch 99 24),(patch 0 76),0.07009897660392658,145800,148004
805,(patch 0 78),(patch 24 0),0.024056919544013358,144000,148020
818,(patch 99 76),(patch 99 23),0.04457271779842243,145800,148079
812,(patch 99 78),(patch 76 0),0.03919391394267938,145800,148343
816,(patch 78 0),(patch 78 99),0.037756440687919356,145800,148416
797,(patch 21 0),(patch 99 23),0.015696819383803243,142200,148647
810,(patch 76 0),(patch 0 77),0.05079142297816821,145800,148895
825,(patch 0 78),(patch 22 0),0.07108671087458225,147600,148971
815,(patch 24 99),(patch 0 22),0.030972922544037367,145800,149089
823,(patch 21 99),(patch 77 0),0.08875266525182583,147600,149347
820,(patch 99 24),(patch 23 99),0.06476483344771748,147600,150041
824,(patch 23 99),(patch 76 0),0.05985256128018411,147600,150200
828,(patch 75 0),(patch 23 99),0.05733439456856933,147600,150328
829,(patch 0 24),(patch 76 99),0.05490639921870129,147600,150398
827,(patch 0 21),(patch 77 99),0.052552625512299264,147600,150578
821,(patch 99 24),(patch 0 22),0.03193006509047982,147600,150772
822,(patch 0 24),(patch 75 99),0.045636566325585194,147600,150995
837,(patch 0 77),(patch 76 99),0.0581705669758,149400,151103
833,(patch 78 99),(patch 0 77),0.05702196690213889,149400,151145
836,(patch 24 0),(patch 99 23),0.05617786329212655,149400,151174
834,(patch 78 99),(patch 99 24),0.04706570254375422,149400,151558
826,(patch 21 99),(patch 0 22),0.02330087594593662,147600,151801
830,(patch 76 99),(patch 0 22),0.05820794037372421,149400,152002
832,(patch 77 0),(patch 22 99),0.05810082678631077,149400,152084
835,(patch 99 23),(patch 0 21),0.03658316089638904,149400,152111
839,(patch 99 75),(patch 22 0),0.05282803627900958,149400,152418
843,(patch 24 99),(patch 99 75),0.06935022896861559,151200,152620
831,(patch 99 75),(patch 0 22),0.0449051715047233,149400,152797
838,(patch 76 0),(patch 24 99),0.0408761501664253,149400,153213
842,(patch 0 21),(patch 99 23),0.04796782138707801,151200,153267
849,(patch 0 23),(patch 99 77),0.06053613804613034,151200,153734
845,(patch 23 0),(patch 99 78),0.059945688021382865,151200,153785
841,(patch 75 0),(patch 0 76),0.047857223205731526,151200,154456
840,(patch 23 99),(patch 78 0),0.04568992630059932,151200,154484
847,(patch 76 99),(patch 0 22),0.04643491508646207,151200,154511
852,(patch 0 22),(patch 99 76),0.0959203834521753,153000,154572
844,(patch 76 99),(patch 0 22),0.042412325515431615,151200,154887
851,(patch 99 76),(patch 0 76),0.04780833780181634,153000,155124
846,(patch 99 77),(patch 0 21),0.038187927537024345,151200,155177
856,(patch 76 99),(patch 0 21),0.0679179166049509,153000,155263
858,(patch 99 23),(patch 99 77),0.04204074144904923,153000,155352
850,(patch 75 99),(patch 0 77),0.039763778939957965,153000,155469
857,(patch 0 77),(patch 99 21),0.060686148311978966,153000,155593
848,(patch 99 21),(patch 21 99),0.03439805882556804,151200,155710
859,(patch 0 76),(patch 75 0),0.052789999424374644,153000,155940
854,(patch 99 22),(patch 23 99),0.049361377690980396,153000,156166
853,(patch 99 22),(patch 0 78),0.04838490062589071,153000,156288
869,(patch 24 99),(patch 22 0),0.0665449546637336,154800,156291
867,(patch 77 0),(patch 0 22),0.06143459324958349,154800,156384
855,(patch 24 99),(patch 99 21),0.04075029391330919,153000,156646
866,(patch 99 77),(patch 21 0),0.07720500024315798,154800,156774
865,(patch 76 99),(patch 75 0),0.04884000171546104,154800,156835
860,(patch 0 24),(patch 77 99),0.061310193923545024,154800,157318
863,(patch 0 77),(patch 0 21),0.03508328629447764,154800,157536
864,(patch 76 0),(patch 78 99),0.031416624151076135,154800,157976
861,(patch 0 24),(patch 99 21),0.030749063979365682,154800,158085
862,(patch 24 0),(patch 24 99),0.028722289848220027,154800,158281
876,(patch 0 22),(patch 99 76),0.07719285070427077,156600,158630
872,(patch 99 22),(patch 0 76),0.06053360218052723,156600,159163
877,(patch 78 0),(patch 24 0),0.03771433644926218,156600,159261
868,(patch 75 99),(patch 22 0),0.03462837759653071,154800,159263
873,(patch 75 0),(patch 0 78),0.05360974341350975,156600,159407
871,(patch 0 22),(patch 76 0),0.032834638801475184,156600,159569
879,(patch 24 99),(patch 99 24),0.05153071922357088,156600,159605
884,(patch 75 0),(patch 22 0),0.07990149545655638,158400,159656
888,(patch 77 99),(patch 99 21),0.062370087154811585,158400,160028
882,(patch 21 99),(patch 23 0),0.06097229169112682,158400,160028
881,(patch 78 99),(patch 99 21),0.058874150856091365,158400,160077
887,(patch 77 99),(patch 99 22),0.0586061991344852,158400,160132
875,(patch 24 0),(patch 75 99),0.03676942277138185,156600,160728
883,(patch 0 22),(patch 75 0),0.04059157983991366,158400,160990
886,(patch 99 24),(patch 23 99),0.05269899477974287,158400,161315
885,(patch 99 22),(patch 23 99),0.051958565225847256,158400,161369
870,(patch 0 78),(patch 99 24),0.030023144386835288,156600,161642
880,(patch 0 21),(patch 99 78),0.041076010410636236,158400,162160
895,(patch 99 76),(patch 0 76),0.04717321396820692,160200,162313
897,(patch 0 76),(patch 99 21),0.07271858415879298,160200,162323
874,(patch 99 24),(patch 0 77),0.026540382694644808,156600,162359
890,(patch 21 99),(patch 0 22),0.040188309666711025,160200,162717
889,(patch 76 0),(patch 0 78),0.034284680196443935,158400,162893
891,(patch 99 22),(patch 21 99),0.05224274225613754,160200,163148
898,(patch 76 99),(patch 0 22),0.051652798721462466,160200,163149
892,(patch 23 99),(patch 99 23),0.04284237332770612,160200,163735
903,(patch 21 0),(patch 24 99),0.05658106773420177,162000,163750
905,(patch 24 99),(patch 75 99),0.051451677370157524,162000,163914
